Sl.No,Product,Ram,Rom,Expandable Memory,Camera,Front Camera,Rating,Price
0,"REDMI 10 (Caribbean Green, 128 GB)",6,1,1 TB,50MP + 2MP , 5MP,4.2,"10,999"
1,"POCO C55 (Forest Green, 128 GB)",6,1,1 TB,50MP Dual Rear Camera , 5MP,4.1,"8,999"
2,"REDMI 10 (Shadow Black, 64 GB)",4,6,1 TB,50MP + 2MP , 5MP,4.3,"9,499"
3,"MOTOROLA g13 (Lavender Blue, 128 GB)",4,1,1 TB,50MP + 2MP + 2MP , 8MP,3.9,"9,999"
4,"MOTOROLA e32 (Arctic Blue, 64 GB)",4,6,1 TB,50MP + 2MP , 8MP,3.9,"7,999"
5,"vivo T2x 5G (Glimmer Black, 128 GB)",4,1,Not Applicable,50MP + 2MP , 8MP,4.5,"12,999"
6,"vivo T2x 5G (Aurora Gold, 128 GB)",6,1,Not Applicable,50MP + 2MP , 8MP,4.4,"13,999"
7,"vivo T2x 5G (Marine Blue, 128 GB)",6,1,Not Applicable,50MP + 2MP , 8MP,4.4,"13,999"
8,"vivo T2x 5G (Marine Blue, 128 GB)",8,1,Not Applicable,50MP + 2MP , 8MP,4.4,"15,999"
9,"vivo T2x 5G (Marine Blue, 128 GB)",4,1,Not Applicable,50MP + 2MP , 8MP,4.5,"12,999"
10,"vivo T2x 5G (Glimmer Black, 128 GB)",8,1,Not Applicable,50MP + 2MP , 8MP,4.4,"15,999"
11,"vivo T2x 5G (Aurora Gold, 128 GB)",4,1,Not Applicable,50MP + 2MP , 8MP,4.5,"12,999"
12,"vivo T2x 5G (Glimmer Black, 128 GB)",6,1,Not Applicable,50MP + 2MP , 8MP,4.4,"13,999"
13,"vivo T2x 5G (Aurora Gold, 128 GB)",8,1,Not Applicable,50MP + 2MP , 8MP,4.4,"15,999"
14,"MOTOROLA e13 (Creamy White, 64 GB)",4,6,1 TB,13MP Rear Camera , 5MP,4,"7,299"
15,"REDMI A1+ (Light Green, 32 GB)",3,3,2 GB,8MP Rear Camera , 5MP,4.1,"6,599"
16,"REDMI A1+ (Black, 32 GB)",3,3,2 GB,8MP Rear Camera , 5MP,4.1,"6,599"
17,"POCO C55 (Power Black, 128 GB)",6,1,1 TB,50MP Dual Rear Camera , 5MP,4.1,"8,999"
18,"realme C55 (Rainforest, 128 GB)",8,1,1 TB,64MP + 2MP , 8MP,4.4,"13,999"
19,"realme C55 (Rainy Night, 128 GB)",8,1,1 TB,64MP + 2MP , 8MP,4.4,"13,999"
20,"realme C55 (Rainforest, 64 GB)",6,6,1 TB,64MP + 2MP , 8MP,4.3,"11,999"
21,"realme C55 (Rainy Night, 64 GB)",6,6,1 TB,64MP + 2MP , 8MP,4.3,"11,999"
22,"POCO C55 (Cool Blue, 64 GB)",4,6,1 TB,50MP Dual Rear Camera , 5MP,4.2,"7,749"
23,"realme C55 (Sunshower, 64 GB)",6,6,1 TB,64MP + 2MP , 8MP,4.3,"11,999"
24,"realme C55 (Sunshower, 64 GB)",4,6,1 TB,64MP + 2MP , 8MP,4.4,"10,999"
25,"realme C55 (Rainy Night, 64 GB)",6,6,1 TB,64MP + 2MP , 8MP,4.3,"11,999"
26,"realme C55 (Sunshower, 64 GB)",6,6,1 TB,64MP + 2MP , 8MP,4.3,"11,999"
27,"realme C55 (Rainforest, 64 GB)",6,6,1 TB,64MP + 2MP , 8MP,4.3,"11,999"
28,"realme C55 (Rainforest, 64 GB)",4,6,1 TB,64MP + 2MP , 8MP,4.4,"10,999"
29,"realme C55 (Rainy Night, 64 GB)",4,6,1 TB,64MP + 2MP , 8MP,4.4,"10,999"
30,"MOTOROLA g13 (Matte Charcoal, 128 GB)",4,1,1 TB,50MP + 2MP + 2MP , 8MP,3.9,"9,999"
31,"MOTOROLA G32 (Satin Silver, 128 GB)",8,1,Not Applicable,50MP + 8MP + 2MP , 16M,4.1,"11,999"
32,"OnePlus Nord CE 2 Lite 5G (Black Dusk, 128 GB)",6,1,Not Applicable,64MP Rear Camera,NA,4.4,"17,968"
33,"POCO C50 (Royal Blue, 32 GB)",3,3,2 GB,8MP Dual Camera , 5MP,4,"6,299"
34,"MOTOROLA e32 (Eco Black, 64 GB)",4,6,1 TB,50MP + 2MP , 8MP,3.9,"7,999"
35,"MOTOROLA G62 5G (Frosted Blue, 128 GB)",6,1,Not Applicable,50MP + 8MP + 2MP , 16M,4.1,"15,499"
36,"REDMI 10 (Sunrise Orange, 64 GB)",4,6,1 TB,50MP + 2MP , 5MP,4.3,"9,499"
37,"POCO M5 (Power Black, 64 GB)",4,6,2 GB,50MP + 2MP Depth Sensor + 2MP Macro Sensor , 8MP,4.2,"8,999"
38,"POCO M5 (Yellow, 64 GB)",4,6,2 GB,50MP + 2MP Depth Sensor + 2MP Macro Sensor , 8MP,4.2,"8,999"
39,"MOTOROLA G62 5G (Midnight Gray, 128 GB)",6,1,Not Applicable,50MP + 8MP + 2MP , 16M,4.1,"15,499"
40,"APPLE iPhone 13 (Starlight, 128 GB)",12,0,Not Applicable,12MP + 12MP , 12M,4.7,"58,499"
41,"SAMSUNG Galaxy F14 5G (GOAT Green, 128 GB)",6,1,1 TB,50MP + 2MP , 13M,4.2,"14,490"
42,"REDMI A1+ (Light Blue, 32 GB)",2,3,2 GB,8MP Rear Camera , 5MP,4.2,"6,299"
43,"POCO C50 (Country Green, 32 GB)",3,3,2 GB,8MP Dual Camera , 5MP,4,"6,299"
44,"SAMSUNG Galaxy M04 (Dark Blue, 64 GB)",4,6,1 TB,13MP + 2MP , 5MP,4.1,"7,875"
45,"MOTOROLA g73 5G (Midnight Blue, 128 GB)",8,1,1 TB,50MP + 8MP , 16M,3.9,"16,999"
46,"vivo T2 5G (Nitro Blaze, 128 GB)",6,1,Not Applicable,64 MP (OIS) + 2MP , 16M,4.4,"18,999"
47,"vivo T2 5G (Velocity Wave, 128 GB)",6,1,Not Applicable,64 MP (OIS) + 2MP , 16M,4.4,"18,999"
48,"MOTOROLA g73 5G (Midnight Blue, 128 GB)",8,1,1 TB,50MP + 8MP , 16M,3.9,"16,999"
49,"realme C33 2023 (Night Sea, 128 GB)",4,1,1 TB,50MP + 0.3MP , 5MP,4.4,"10,499"
50,"realme C33 2023 (Sandy Gold, 128 GB)",4,1,1 TB,50MP + 0.3MP , 5MP,4.4,"10,499"
51,"realme C33 2023 (Aqua Blue, 128 GB)",4,1,1 TB,50MP + 0.3MP , 5MP,4.4,"10,499"
52,"vivo T2 5G (Nitro Blaze, 128 GB)",8,1,Not Applicable,64 MP (OIS) + 2MP , 16M,4.4,"20,999"
53,"vivo T2 5G (Velocity Wave, 128 GB)",8,1,Not Applicable,64 MP (OIS) + 2MP , 16M,4.4,"20,999"
54,"vivo T2 5G (Velocity Wave, 128 GB)",6,1,Not Applicable,64 MP (OIS) + 2MP , 16M,4.4,"18,999"
55,"vivo T2 5G (Nitro Blaze, 128 GB)",6,1,Not Applicable,64 MP (OIS) + 2MP , 16M,4.4,"18,999"
56,"SAMSUNG Galaxy F14 5G (OMG Black, 128 GB)",6,1,1 TB,50MP + 2MP , 13M,4.2,"14,490"
57,"POCO X5 5G (Wildcat Blue, 128 GB)",6,1,1 TB,48MP + 8MP + 2MP , 13M,4.1,"15,999"
58,"realme C30 (Bamboo Green, 32 GB)",3,3,1 TB,8MP Rear Camera , 5MP,4.1,"6,499"
59,"realme C30 (Lake Blue, 32 GB)",3,3,1 TB,8MP Rear Camera , 5MP,4.1,"6,499"
60,"POCO M5 (Icy Blue, 128 GB)",6,1,2 GB,50MP + 2MP Depth Sensor + 2MP Macro Sensor , 8MP,4.2,"10,999"
61,"realme C30 (Denim Black, 32 GB)",2,3,1 TB,8MP Rear Camera , 5MP,4.2,"5,999"
62,"APPLE iPhone 13 (Blue, 128 GB)",12,0,Not Applicable,12MP + 12MP , 12M,4.7,"58,499"
63,"SAMSUNG Galaxy F13 (Waterfall Blue, 128 GB)",4,1,1 TB,50MP + 5MP + 2MP , 8MP,4.3,"11,999"
64,"REDMI 11 Prime (Flashy Black, 64 GB)",4,6,2 GB,50MP + 2MP + 2MP , 8MP,4.3,"9,999"
65,"realme C30 (Denim Black, 32 GB)",3,3,1 TB,8MP Rear Camera , 5MP,4.1,"6,499"
66,"MOTOROLA G62 5G (Midnight Gray, 128 GB)",8,1,Not Applicable,50MP + 8MP + 2MP , 16M,4.1,"16,499"
67,"POCO M4 Pro (Yellow, 128 GB)",8,1,1 TB,64MP + 8MP + 2MP , 16M,4.2,"13,999"
68,"REDMI A1+ (Light Green, 32 GB)",2,3,2 GB,8MP Rear Camera , 5MP,4.2,"6,299"
69,"MOTOROLA G62 5G (Frosted Blue, 128 GB)",8,1,Not Applicable,50MP + 8MP + 2MP , 16M,4.1,"16,499"
70,"MOTOROLA e13 (Aurora Green, 64 GB)",4,6,1 TB,13MP Rear Camera , 5MP,4,"7,499"
71,"REDMI 11 Prime (Peppy Purple, 64 GB)",4,6,2 GB,50MP + 2MP + 2MP , 8MP,4.3,"9,999"
72,"REDMI 10 (Pacific Blue, 128 GB)",6,1,1 TB,50MP + 2MP , 5MP,4.2,"10,999"
73,"MOTOROLA g73 5G (Lucent White, 128 GB)",8,1,1 TB,50MP + 8MP , 16M,3.9,"16,999"
74,"APPLE iPhone 13 (Midnight, 128 GB)",12,0,Not Applicable,12MP + 12MP , 12M,4.7,"58,499"
75,"realme 10 (Clash White, 128 GB)",8,1,1 TB,50MP + 2MP , 16M,4.3,"15,499"
76,"realme 10 (Rush Black, 64 GB)",4,6,1 TB,50MP + 2MP , 16M,4.3,"11,999"
77,"Infinix Note 12 Pro 5G (Snowfall, 128 GB)",8,1,2 TB,108MP + 2MP (Depth) + 2MP (Macro) , 16M,4.1,"15,999"
78,"Infinix Note 12 Pro 5G (Force Black, 128 GB)",8,1,2 TB,108MP + 2MP (Depth) + 2MP (Macro) , 16M,4.1,"15,999"
79,"POCO X5 5G (Supernova Green, 128 GB)",6,1,1 TB,48MP + 8MP + 2MP , 13M,4.1,"15,999"
80,"Infinix Smart 7 HD (Jade White, 64 GB)",2,6,1 TB,8MP + AI Lens , 5MP,4.4,"6,199"
81,"Infinix Smart 7 HD (Ink Black, 64 GB)",2,6,1 TB,8MP + AI Lens , 5MP,4.4,"6,199"
82,"Infinix Smart 7 HD (Silk Blue, 64 GB)",2,6,1 TB,8MP + AI Lens , 5MP,4.4,"6,199"
83,"SAMSUNG Galaxy F13 (Sunrise Copper, 64 GB)",4,6,1 TB,50MP + 5MP + 2MP , 8MP,4.3,"10,999"
84,"realme 10 (Clash White, 64 GB)",4,6,1 TB,50MP + 2MP , 16M,4.3,"11,999"
85,"SAMSUNG Galaxy F13 (Nightsky Green, 64 GB)",4,6,1 TB,50MP + 5MP + 2MP , 8MP,4.3,"10,999"
86,"SAMSUNG Galaxy F23 5G (Aqua Blue, 128 GB)",6,1,1 TB,50MP + 8MP + 2MP , 8MP,4.3,"16,999"
87,"POCO M5 (Power Black, 128 GB)",6,1,2 GB,50MP + 2MP Depth Sensor + 2MP Macro Sensor , 8MP,4.2,"10,999"
88,"SAMSUNG Galaxy F14 5G (B.A.E. Purple, 128 GB)",4,1,1 TB,50MP + 2MP , 13M,4.2,"13,490"
89,"POCO M4 5G (Yellow, 128 GB)",6,1,2 GB,50MP + 2MP , 8MP,4.2,"13,999"
90,"realme 10 (Rush Black, 128 GB)",8,1,1 TB,50MP + 2MP , 16M,4.3,"15,499"
91,"APPLE iPhone 14 (Purple, 128 GB)",12,0,Not Applicable,12MP + 12MP , 12M,4.6,"69,999"
92,"realme 8i (Space Black, 64 GB)",4,6,6 GB,50MP + 2MP + 2MP , 16M,4.5,"11,499"
93,"APPLE iPhone 14 (Starlight, 128 GB)",12,0,Not Applicable,12MP + 12MP , 12M,4.6,"69,999"
94,"SAMSUNG Galaxy F14 5G (OMG Black, 128 GB)",4,1,1 TB,50MP + 2MP , 13M,4.2,"13,490"
95,"Infinix NOTE 12i (Alpine White, 64 GB)",4,6,2 GB,50 MP + 2 MP + QVGA , 8MP,4.2,"9,999"
96,"Infinix NOTE 12i (Alpine White, 64 GB)",4,6,2 GB,50 MP + 2 MP + QVGA , 8MP,4.2,"9,999"
97,"realme 10 Pro 5G (Nebula Blue, 128 GB)",8,1,1 TB,108MP + 2MP , 16M,4.3,"19,999"
98,"realme 10 Pro 5G (Dark Matter, 128 GB)",8,1,1 TB,108MP + 2MP , 16M,4.3,"19,999"
99,"realme 10 Pro 5G (Nebula Blue, 128 GB)",6,1,1 TB,108MP + 2MP , 16M,4.3,"18,999"
100,"realme 10 Pro 5G (Hyperspace, 128 GB)",8,1,1 TB,108MP + 2MP , 16M,4.3,"19,999"
101,"Google Pixel 6a (Charcoal, 128 GB)",6,1,Not Applicable,12.2MP + 12MP , 8MP,4.3,"28,999"
102,"Google Pixel 6a (Chalk, 128 GB)",6,1,Not Applicable,12.2MP + 12MP , 8MP,4.3,"28,999"
103,"POCO X5 5G (Wildcat Blue, 256 GB)",8,2,1 TB,48MP + 8MP + 2MP , 13M,4.1,"17,999"
104,"REDMI Note 12 5G (Frosted Green, 128 GB)",6,1,1 TB,48MP + 8MP + 2MP , 13M,4.2,"18,999"
105,"Infinix NOTE 12i (Metaverse Blue, 64 GB)",4,6,2 GB,50 MP + 2 MP + QVGA , 8MP,4.2,"9,999"
106,"realme 10 Pro 5G (Hyperspace, 128 GB)",6,1,1 TB,108MP + 2MP , 16M,4.3,"18,999"
107,"POCO X5 5G (Jaguar Black, 256 GB)",8,2,1 TB,48MP + 8MP + 2MP , 13M,4.1,"17,999"
108,"realme 10 Pro 5G (Dark Matter, 128 GB)",6,1,1 TB,108MP + 2MP , 16M,4.3,"18,999"
109,"SAMSUNG Galaxy F13 (Sunrise Copper, 128 GB)",4,1,1 TB,50MP + 5MP + 2MP , 8MP,4.3,"11,999"
110,"REDMI Note 12 5G (Matte Black, 128 GB)",6,1,1 TB,48MP + 8MP + 2MP , 13M,4.2,"18,999"
111,"REDMI Note 12 5G (Mystique Blue, 128 GB)",6,1,1 TB,48MP + 8MP + 2MP , 13M,4.2,"18,999"
112,"REDMI Note 12 5G (Matte Black, 128 GB)",4,1,1 TB,48MP + 8MP + 2MP , 13M,4,"16,999"
113,"REDMI Note 12 5G (Mystique Blue, 128 GB)",4,1,1 TB,48MP + 8MP + 2MP , 13M,4,"16,999"
114,"realme GT 2 (Steel Black, 128 GB)",8,1,Not Applicable,50MP + 8MP + 2MP , 16M,4.3,"23,999"
115,"APPLE iPhone 13 (Midnight, 128 GB)",12,0,Not Applicable,12MP + 12MP , 12M,4.7,"58,499"
116,"REDMI 11 Prime (Flashy Black, 128 GB)",6,1,2 GB,50MP + 2MP + 2MP , 8MP,4.2,"11,999"
117,"Infinix NOTE 12i (Force Black, 64 GB)",4,6,2 GB,50 MP + 2 MP + QVGA , 8MP,4.2,"9,999"
118,"SAMSUNG Galaxy F04 (Jade Purple, 64 GB)",4,6,1 TB,13MP + 2MP , 5MP,4.2,"8,499"
119,"REDMI 10 (Midnight Black, 64 GB)",4,6,1 TB,50MP + 2MP , 5MP,4.3,"9,499"
120,"REDMI Note 12 5G (Frosted Green, 128 GB)",4,1,1 TB,48MP + 8MP + 2MP , 13M,4,"16,999"
121,"Infinix HOT 20 5G (Blaster Green, 64 GB)",4,6,1 TB,50MP + AI Lens , 8MP,4.2,"11,499"
122,"Infinix HOT 20 5G (Space Blue, 64 GB)",4,6,1 TB,50MP + AI Lens , 8MP,4.2,"11,499"
123,"REDMI 10 (Caribbean Green, 64 GB)",4,6,1 TB,50MP + 2MP , 5MP,4.3,"9,499"
124,"realme GT 2 (Paper White, 128 GB)",8,1,Not Applicable,50MP + 8MP + 2MP , 16M,4.3,"23,999"
125,"realme C31 (Dark Green, 32 GB)",3,3,1 TB,13MP + 2MP + 0.3MP , 5MP,4.5,"8,049"
126,"APPLE iPhone 14 (Starlight, 128 GB)",12,0,Not Applicable,12MP + 12MP , 12M,4.6,"69,999"
127,"APPLE iPhone 14 (Purple, 128 GB)",12,0,Not Applicable,12MP + 12MP , 12M,4.6,"69,999"
128,"APPLE iPhone 13 (Green, 128 GB)",12,0,Not Applicable,12MP + 12MP , 12M,4.7,"58,499"
129,"REDMI Note 12 (Ice Blue, 64 GB)",6,6,1 TB,50MP + 8MP + 2MP , 13M,4.1,"14,999"
130,"realme C31 (Light Silver, 32 GB)",3,3,1 TB,13MP + 2MP + 0.3MP , 5MP,4.5,"8,049"
131,"SAMSUNG Galaxy F14 5G (B.A.E. Purple, 128 GB)",6,1,1 TB,50MP + 2MP , 13M,4.2,"14,490"
132,"SAMSUNG Galaxy F13 (Waterfall Blue, 64 GB)",4,6,1 TB,50MP + 5MP + 2MP , 8MP,4.3,"10,999"
133,"REDMI Note 12 (Sunrise Gold, 64 GB)",6,6,1 TB,50MP + 8MP + 2MP , 13M,4.1,"14,999"
134,"POCO X5 Pro 5G (Astral Black, 256 GB)",8,2,Not Applicable,108MP + 8MP + 2MP , 16M,4.3,"23,999"
135,"Infinix HOT 20 5G (Racing Black, 64 GB)",4,6,1 TB,50MP + AI Lens , 8MP,4.2,"11,499"
136,"POCO M4 5G (Yellow, 64 GB)",4,6,2 GB,50MP + 2MP , 8MP,4.2,"11,999"
137,"realme C31 (Light Silver, 64 GB)",4,6,1 TB,13MP + 2MP + 0.3MP , 5MP,4.4,"8,749"
138,"realme GT 2 (Paper Green, 128 GB)",8,1,Not Applicable,50MP + 8MP + 2MP , 16M,4.3,"23,999"
139,"realme Narzo N55 (Prime Black, 128 GB)",6,1,Not Applicable,64MP Rear Camera,NA,4.3,"13,500"
140,"REDMI K50i 5G (Stealth Black, 256 GB)",8,2,Not Applicable,64MP + 8MP + 2MP , 16M,4.2,"23,999"
141,"REDMI Note 12 (Lunar Black, 64 GB)",6,6,1 TB,50MP + 8MP + 2MP , 13M,4.1,"14,999"
142,"REDMI 11 Prime (Peppy Purple, 128 GB)",6,1,2 GB,50MP + 2MP + 2MP , 8MP,4.2,"11,999"
143,"Micromax IN 2C (Silver, 32 GB)",3,3,6 GB,8MP Rear Camera , 5MP,4.1,"5,999"
144,"POCO X5 5G (Supernova Green, 256 GB)",8,2,1 TB,48MP + 8MP + 2MP , 13M,4.1,"17,999"
145,"MOTOROLA e13 (Cosmic Black, 64 GB)",2,6,1 TB,13MP Rear Camera , 5MP,4,"6,799"
146,"realme Narzo N55 (Prime Blue, 128 GB)",6,1,Not Applicable,64MP Rear Camera,NA,4.3,"13,399"
147,"Infinix Smart 6 HD (Force Black, 32 GB)",2,3,2 GB,8MP Rear Camera , 5MP,4.3,"5,999"
148,"Infinix Smart 6 HD (Origin Blue, 32 GB)",2,3,2 GB,8MP Rear Camera , 5MP,4.3,"5,999"
149,"Infinix Smart 6 HD (Aqua Sky, 32 GB)",2,3,2 GB,8MP Rear Camera , 5MP,4.3,"5,999"
150,"SAMSUNG Galaxy F23 5G (Copper Blush, 128 GB)",6,1,1 TB,50MP + 8MP + 2MP , 8MP,4.3,"16,999"
151,"realme C25s (Watery Grey, 128 GB)",4,1,6 GB,13MP + 2MP + 2MP , 8MP,4.4,"9,999"
152,"OnePlus 11R 5G (Galactic Silver, 256 GB)",16,2,Not Applicable,50MP Rear Camera,NA,4.5,"44,461"
153,"Infinix HOT 20 Play (Racing Black, 64 GB)",4,6,6 GB,13Mp + AI Lens , 8MP,4.4,"8,299"
154,"Infinix HOT 20 Play (Fantasy Purple, 64 GB)",4,6,6 GB,13Mp + AI Lens , 8MP,4.4,"8,299"
155,"Infinix HOT 20 Play (Aurora Green, 64 GB)",4,6,6 GB,13Mp + AI Lens , 8MP,4.4,"8,299"
156,"realme GT 2 (Steel Black, 256 GB)",12,2,Not Applicable,50MP + 8MP + 2MP , 16M,4.4,"32,499"
157,"realme GT 2 (Paper White, 256 GB)",12,2,Not Applicable,50MP + 8MP + 2MP , 16M,4.4,"33,999"
158,"Infinix HOT 20 Play (Luna Blue, 64 GB)",4,6,6 GB,13Mp + AI Lens , 8MP,4.4,"8,299"
159,"SAMSUNG Galaxy S21 FE 5G (Graphite, 128 GB)",8,1,Not Applicable,12MP + 12MP + 8MP (OIS) , 32M,4.3,"32,999"
160,"OnePlus 11R 5G (Galactic Silver, 128 GB)",8,1,Not Applicable,50MP Rear Camera,NA,4.5,"39,344"
161,"REDMI 12C (Lavender Purple, 64 GB)",4,6,Not Applicable,50MP Rear Camera,NA,4.2,"8,860"
162,"REDMI 12C (Royal Blue, 64 GB)",4,6,Not Applicable,50MP Rear Camera,NA,4.2,"8,883"
163,"MOTOROLA g82 5G (Meterorite Grey, 128 GB)",8,1,1 TB,50MP + 8MP + 2MP , 16M,4.1,"21,499"
164,"realme 9i 5G (Rocking Black, 64 GB)",4,6,1 TB,50MP + 2MP + 2MP , 8MP,4.5,"14,999"
165,"realme 9i 5G (Soulful Blue, 128 GB)",6,1,1 TB,50MP + 2MP + 2MP , 8MP,4.3,"16,999"
166,"SAMSUNG Galaxy S21 FE 5G (Olive Green, 128 GB)",8,1,Not Applicable,12MP + 12MP + 8MP (OIS) , 32M,4.3,"32,999"
167,"MOTOROLA e40 (Carbon Gray, 64 GB)",4,6,1 TB,48MP + 2MP + 2MP , 8MP,4.1,"8,999"
168,"SAMSUNG Galaxy M33 5G (Mystique Green, 128 GB)",6,1,Not Applicable,50MP Rear Camera,NA,4.2,"16,178"
169,"Infinix Zero 5G 2023 (Submariner Black, 128 GB)",8,1,6 GB,50MP + 2MP + 2MP , 16M,4.1,"15,999"
170,"Infinix Zero 5G 2023 (Pearly White, 128 GB)",8,1,6 GB,50MP + 2MP + 2MP , 16M,4.1,"15,999"
171,"SAMSUNG Galaxy S21 FE 5G (Lavender, 128 GB)",8,1,Not Applicable,12MP + 12MP + 8MP (OIS) , 32M,4.3,"32,999"
172,"SAMSUNG Galaxy S21 FE 5G (White, 128 GB)",8,1,Not Applicable,12MP + 12MP + 8MP (OIS) , 32M,4.3,"32,999"
173,"realme Narzo 30 (Racing Blue, 128 GB)",6,1,6 GB,48MP + 2MP + 2MP , 16M,4.3,"12,499"
174,"realme 9i 5G (Rocking Black, 128 GB)",6,1,1 TB,50MP + 2MP + 2MP , 8MP,4.3,"16,999"
175,"realme 9i 5G (Soulful Blue, 64 GB)",4,6,1 TB,50MP + 2MP + 2MP , 8MP,4.5,"14,999"
176,"realme 9i 5G (Metallica Gold, 64 GB)",4,6,1 TB,50MP + 2MP + 2MP , 8MP,4.5,"14,999"
177,"realme 9i 5G (Metallica Gold, 128 GB)",6,1,1 TB,50MP + 2MP + 2MP , 8MP,4.3,"16,999"
178,"POCO X5 Pro 5G (Yellow, 256 GB)",8,2,Not Applicable,108MP + 8MP + 2MP , 16M,4.3,"23,999"
179,"APPLE iPhone 14 (Blue, 128 GB)",12,0,Not Applicable,12MP + 12MP , 12M,4.6,"69,999"
180,"Infinix Hot 20 5G (Blaster Green, 128 GB)",6,1,1 TB,50MP + AI Lens , 8MP,4.1,"13,499"
181,"REDMI 11 Prime (Playful Green, 128 GB)",6,1,2 GB,50MP + 2MP + 2MP , 8MP,4.2,"11,999"
182,"REDMI Note 12 Pro 5G (Stardust Purple, 128 GB)",6,1,Not Applicable,50MP (OIS) + 8MP + 2MP , 16M,4.3,"23,999"
183,"SAMSUNG Galaxy S20 FE 5G (Cloud Navy, 128 GB)",8,1,Not Applicable,12MP Rear Camera,NA,4.2,"27,989"
184,"POCO M4 Pro (Power Black, 128 GB)",8,1,1 TB,64MP + 8MP + 2MP , 16M,4.2,"13,999"
185,"REDMI 12C (?Lavender Purple, 128 GB)",6,1,Not Applicable,50MP Rear Camera,NA,4.2,"10,817"
186,"POCO X4 Pro 5G (Yellow, 128 GB)",6,1,1 TB,64MP + 8MP + 2MP , 16M,4.2,"17,499"
187,"MOTOROLA g82 5G (White Lily, 128 GB)",8,1,1 TB,50MP + 8MP + 2MP , 16M,4.1,"21,499"
188,"REDMI 12C (Mint Green, 128 GB)",6,1,Not Applicable,50MP Rear Camera,NA,4.2,"10,850"
189,"vivo T1 44W (Midnight Galaxy, 128 GB)",8,1,1 TB,50MP + 2MP + 2MP , 16M,4.3,"17,999"
190,"vivo T1 44W (Starry Sky, 128 GB)",6,1,1 TB,50MP + 2MP + 2MP , 16M,4.4,"15,999"
191,"vivo T1 44W (Midnight Galaxy, 128 GB)",4,1,1 TB,50MP + 2MP + 2MP , 16M,4.5,"14,499"
192,"POCO X4 Pro 5G (Yellow, 128 GB)",6,1,1 TB,64MP + 8MP + 2MP , 16M,4.2,"17,499"
193,"vivo T1 44W (Midnight Galaxy, 128 GB)",8,1,1 TB,50MP + 2MP + 2MP , 16M,4.3,"17,999"
194,"vivo T1 44W (Midnight Galaxy, 128 GB)",6,1,1 TB,50MP + 2MP + 2MP , 16M,4.4,"15,999"
195,"OnePlus Nord 2T 5G (Gray Shadow, 128 GB)",8,1,Not Applicable,50MP Rear Camera,NA,4.4,"28,365"
196,"SAMSUNG Galaxy S21 FE 5G (Lavender, 128 GB)",8,1,Not Applicable,12MP + 12MP + 8MP (OIS) , 32M,4.3,"32,999"
197,"REDMI 12C (?Lavender Purple, 128 GB)",6,1,Not Applicable,50MP Rear Camera,NA,4.2,"10,817"
198,"REDMI 12C (Mint Green, 128 GB)",6,1,Not Applicable,50MP Rear Camera,NA,4.2,"10,850"
199,"MOTOROLA g82 5G (White Lily, 128 GB)",8,1,1 TB,50MP + 8MP + 2MP , 16M,4.1,"21,499"
200,"MOTOROLA g42 (Atlantic Green, 64 GB)",4,6,6 GB,50MP + 8MP + 2MP , 16M,4.2,"11,649"
201,"APPLE iPhone 14 (Midnight, 128 GB)",12,0,Not Applicable,12MP + 12MP , 12M,4.6,"69,999"
202,"SAMSUNG Galaxy S22 Plus 5G (Phantom Black, 128 GB)",8,1,Not Applicable,50MP + 12MP + 10MP , 10M,4.5,"49,999"
203,"SAMSUNG Galaxy A03 Core (Bronze, 32 GB)",2,3,1 TB,8MP Rear Camera , 5MP,4.1,"6,622"
204,"IQOO Z6 Lite 5G (With Charger) (Stellar Green, 128 GB)",6,1,Not Applicable,50MP Rear Camera,NA,4.3,"16,374"
205,"SAMSUNG Galaxy F23 5G (Forest Green, 128 GB)",6,1,1 TB,50MP + 8MP + 2MP , 8MP,4.3,"16,999"
206,"SAMSUNG Galaxy M33 5G (Mystique Green, 128 GB)",6,1,Not Applicable,50MP Rear Camera,NA,4.2,"16,178"
207,"Infinix Zero 5G 2023 (Coral Orange, 128 GB)",8,1,6 GB,50MP + 2MP + 2MP , 16M,4.1,"15,999"
208,"OnePlus Nord 2T 5G (Gray Shadow, 128 GB)",8,1,Not Applicable,50MP Rear Camera,NA,4.4,"27,899"
209,"REDMI Note 12 (Lunar Black, 128 GB)",6,1,1 TB,50MP + 8MP + 2MP , 13M,4.1,"16,999"
210,"POCO X5 Pro 5G (Horizon Blue, 128 GB)",6,1,Not Applicable,108MP + 8MP + 2MP , 16M,4.3,"21,999"
211,"REDMI 11 Prime 5G (Chrome Silver, 128 GB)",6,1,Not Applicable,5MP Rear Camera,NA,4.2,"15,377"
212,"REDMI 11 Prime 5G (Meadow Green, 128 GB)",6,1,Not Applicable,5MP Rear Camera,NA,4.2,"15,189"
213,"POCO M4 5G (Power Black, 128 GB)",6,1,2 GB,50MP + 2MP , 8MP,4.2,"13,999"
214,"APPLE iPhone 14 ((PRODUCT)RED, 128 GB)",12,0,Not Applicable,12MP + 12MP , 12M,4.6,"67,999"
215,"OPPO F21 Pro (Sunset Orange, 128 GB)",8,1,Not Applicable,64MP Rear Camera,NA,4.4,"20,999"
216,"OPPO F21 Pro (Sunset Orange, 128 GB)",8,1,Not Applicable,64MP Rear Camera,NA,4.4,"20,999"
217,"SAMSUNG Galaxy M33 5G (Mystique Green, 128 GB)",6,1,Not Applicable,50MP Rear Camera,NA,4.2,"15,735"
218,"REDMI Note 12 Pro 5G (Stardust Purple, 256 GB)",8,2,Not Applicable,50MP (OIS) + 8MP + 2MP , 16M,4.2,"26,999"
219,"MarQ by Flipkart M3 Smart (M3) (Black,32GB)( 2GB RAM)",2,3,6 GB,13MP + Digital Camera , 5MP,3.8,"4,999"
220,"SAMSUNG Galaxy S22 Plus 5G (Phantom Black, 128 GB)",8,1,Not Applicable,50MP + 12MP + 10MP , 10M,4.5,"49,999"
221,"REDMI Note 12 Pro 5G (Onyx Black, 128 GB)",6,1,Not Applicable,50MP (OIS) + 8MP + 2MP , 16M,4.3,"23,999"
222,"REDMI K50i 5G (Quick Silver, 128 GB)",6,1,Not Applicable,64MP + 8MP + 2MP , 16M,4.1,"20,999"
223,"REDMI Note 12 (Lunar Black, 128 GB)",6,1,1 TB,50MP + 8MP + 2MP , 13M,4.1,"16,999"
224,"APPLE iPhone 14 (Midnight, 128 GB)",12,0,Not Applicable,12MP + 12MP , 12M,4.6,"69,999"
225,"REDMI Note 12 Pro 5G (Onyx Black, 128 GB)",8,1,Not Applicable,50MP (OIS) + 8MP + 2MP , 16M,4.2,"25,999"
226,"POCO M3 Pro 5G (Yellow, 128 GB)",6,1,1 TB,48MP + 2MP + 2MP , 8MP,4.2,"14,499"
227,"REDMI 11 Prime 5G (Thunder Black, 64 GB)",4,6,Not Applicable,5MP Rear Camera,NA,4.2,"13,046"
228,"realme Narzo 50i Prime (Dark Blue, 32 GB)",3,3,Not Applicable,8MP Rear Camera , 5MP,4.2,"7,489"
229,"SAMSUNG Galaxy A03 Core (Bronze, 32 GB)",2,3,1 TB,8MP Rear Camera , 5MP,4.1,"6,622"
230,"OnePlus Nord 2T 5G (Gray Shadow, 128 GB)",8,1,Not Applicable,50MP Rear Camera,NA,4.4,"28,364"
231,"vivo Y35 (Agate Black, 128 GB)",8,1,Not Applicable,50MP + 2MP + 2MP , 16M,4.4,"16,999"
232,"vivo Y35 (Dawn Gold, 128 GB)",8,1,Not Applicable,50MP + 2MP + 2MP , 16M,4.4,"16,999"
233,"REDMI Note 12 Pro 5G (Glacier Blue, 128 GB)",6,1,Not Applicable,50MP (OIS) + 8MP + 2MP , 16M,4.3,"23,999"
234,"REDMI Note 12 (Sunrise Gold, 128 GB)",6,1,1 TB,50MP + 8MP + 2MP , 13M,4.1,"16,999"
235,"APPLE iPhone 14 ((PRODUCT)RED, 128 GB)",12,0,Not Applicable,12MP + 12MP , 12M,4.6,"67,999"
236,"SAMSUNG Galaxy M33 5G (Emerald Brown, 128 GB)",8,1,Not Applicable,50MP Rear Camera,NA,4.2,"17,345"
237,"realme C33 2023 (Aqua Blue, 64 GB)",4,6,1 TB,50MP + 0.3MP , 5MP,4.4,"9,999"
238,"OPPO A17 (Lake Blue, 64 GB)",4,6,Not Applicable,50MP + 0.3MP , 5MP,4.4,"12,500"
239,"REDMI Note 12 Pro+ 5G (Arctic White, 256 GB)",8,2,Not Applicable,200MP + 8MP + 2MP , 16M,4.3,"29,999"
240,"REDMI Note 12 Pro+ 5G (Arctic White, 256 GB)",8,2,Not Applicable,200MP + 8MP + 2MP , 16M,4.3,"29,999"
241,"SAMSUNG GALAXY M13 (Aqua Green, 64 GB)",4,6,Not Applicable,50MP Rear Camera,NA,4.2,"10,689"
242,"REDMI A1 (Black, 32 GB)",2,3,Not Applicable,5MP Rear Camera,NA,4.2,"6,100"
243,"realme C33 2023 (Sandy Gold, 64 GB)",4,6,1 TB,50MP + 0.3MP , 5MP,4.4,"9,999"
244,"realme C33 2023 (Night Sea, 64 GB)",4,6,1 TB,50MP + 0.3MP , 5MP,4.4,"9,999"
245,"vivo T1 44W (Ice Dawn, 128 GB)",6,1,1 TB,50MP + 2MP + 2MP , 16M,4.4,"15,999"
246,"vivo T1 44W (Starry Sky, 128 GB)",8,1,1 TB,50MP + 2MP + 2MP , 16M,4.3,"17,999"
247,"REDMI A1 (Light Green, 32 GB)",2,3,Not Applicable,5MP Rear Camera,NA,4.2,"6,250"
248,"REDMI 9 Activ (Coral Green, 128 GB)",6,1,2 GB,13MP + 2MP , 5MP,4.2,"9,499"
249,"realme C25s (Watery Blue, 128 GB)",4,1,6 GB,13MP + 2MP + 2MP , 8MP,4.4,"10,999"
250,"REDMI Note 12 Pro 5G (Stardust Purple, 128 GB)",8,1,Not Applicable,50MP (OIS) + 8MP + 2MP , 16M,4.2,"25,999"
251,"REDMI Note 12 Pro+ 5G (Iceberg Blue, 256 GB)",8,2,Not Applicable,200MP + 8MP + 2MP , 16M,4.3,"29,999"
252,"OPPO A17 (Sunlight Orange, 64 GB)",4,6,2 TB,50MP + 0.3MP + 0.3MP , 5MP,4.4,"12,499"
253,"OPPO A17 (Midnight Black, 64 GB)",4,6,2 TB,50MP + 0.3MP + 0.3MP , 5MP,4.4,"12,499"
254,"REDMI 11 Prime (Playful Green, 64 GB)",4,6,2 GB,50MP + 2MP + 2MP , 8MP,4.3,"9,999"
255,"realme Narzo 50i (Mint Green, 32 GB)",2,3,6 GB,8MP Rear Camera , 5MP,4.5,"7,370"
256,"realme 10 Pro+ 5G (Nebula Blue, 128 GB)",8,1,Not Applicable,108MP + 8MP + 2MP , 16M,4.4,"23,999"
257,"realme Narzo 50i (Carbon Black, 32 GB)",2,3,6 GB,8MP Rear Camera , 5MP,4.5,"6,934"
258,"realme C35 (Glowing Black, 128 GB)",4,1,1 TB,50MP + 2MP + 0.3MP , 8MP,4.4,"10,699"
259,"MOTOROLA e13 (Creamy White, 64 GB)",2,6,1 TB,13MP Rear Camera , 5MP,4,"6,799"
260,"realme 10 Pro+ 5G (Hyperspace, 128 GB)",8,1,Not Applicable,108MP + 8MP + 2MP , 16M,4.4,"23,999"
261,"MOTOROLA e13 (Aurora Green, 64 GB)",2,6,1 TB,13MP Rear Camera , 5MP,4,"6,799"
262,"OPPO A17k (Blue, 64 GB)",3,6,2 TB,8MP Rear Camera , 5MP,4.5,"9,499"
263,"REDMI A1 (Light Blue, 32 GB)",2,3,Not Applicable,5MP Rear Camera,NA,4.2,"6,179"
264,"Infinix Hot 12 (Turquoise Cyan, 64 GB)",4,6,Not Applicable,50 MP + 2 MP Depth Lens + AI Lens , 8MP,4.2,"8,999"
265,"Infinix Hot 12 (7?? Purple, 64 GB)",4,6,Not Applicable,50 MP + 2 MP Depth Lens + AI Lens , 8MP,4.2,"8,999"
266,"REDMI 10 Power (Sporty Orange, 128 GB)",8,1,Not Applicable,50MP Rear Camera,NA,4.2,"12,465"
267,"REDMI 12C (Mint Green, 64 GB)",4,6,Not Applicable,50MP Rear Camera,NA,4.2,"8,910"
268,"Infinix Hot 12 (Polar Black, 64 GB)",4,6,Not Applicable,50 MP + 2 MP Depth Lens + AI Lens , 8MP,4.2,"8,999"
269,"Infinix Hot 12 (Exploratory Blue, 64 GB)",4,6,Not Applicable,50 MP + 2 MP Depth Lens + AI Lens , 8MP,4.2,"8,999"
270,"Tecno Pop 7 pro (?Uyuni Blue, 64 GB)",2,6,Not Applicable,12MP Rear Camera,NA,4.1,"6,499"
271,"POCO X2 (Atlantis Blue, 64 GB)",6,6,2 GB,64MP + 8MP + 2MP + 2MP , 20M,4.5,"17,999"
272,"POCO M4 5G (Cool Blue, 128 GB)",6,1,2 GB,50MP + 2MP , 8MP,4.2,"13,999"
273,"realme 9 Pro+ 5G (Midnight Black, 256 GB)",8,2,Not Applicable,50MP + 8MP + 2MP , 16M,4.4,"21,999"
274,"POCO X4 Pro 5G (Yellow, 64 GB)",6,6,1 TB,64MP + 8MP + 2MP , 16M,4.2,"16,499"
275,"REDMI Note 12 Pro 5G (Glacier Blue, 256 GB)",8,2,Not Applicable,50MP (OIS) + 8MP + 2MP , 16M,4.2,"26,999"
276,"realme 9 Pro+ 5G (Aurora Green, 256 GB)",8,2,Not Applicable,50MP + 8MP + 2MP , 16M,4.4,"21,999"
277,"SAMSUNG Galaxy M33 5G (Deep Ocean Blue, 128 GB)",8,1,Not Applicable,50MP Rear Camera,NA,4.2,"17,500"
278,"SAMSUNG Galaxy A03 Core (Onyx, 32 GB)",2,3,Not Applicable,8MP Rear Camera,NA,4.1,"10,499"
279,"REDMI K50i 5G (Stealth Black, 128 GB)",6,1,Not Applicable,64MP + 8MP + 2MP , 16M,4.1,"20,998"
280,"realme 10 Pro+ 5G (Hyperspace, 128 GB)",6,1,Not Applicable,108MP + 8MP + 2MP , 16M,4.4,"22,999"
281,"realme 10 Pro+ 5G (Nebula Blue, 128 GB)",6,1,Not Applicable,108MP + 8MP + 2MP , 16M,4.4,"22,999"
282,"realme 10 Pro+ 5G (Dark Matter, 128 GB)",8,1,Not Applicable,108MP + 8MP + 2MP , 16M,4.4,"23,999"
283,"realme 10 Pro+ 5G (Dark Matter, 128 GB)",6,1,Not Applicable,108MP + 8MP + 2MP , 16M,4.4,"22,999"
284,"SAMSUNG GALAXY M13 (Midnight Blue, 64 GB)",4,6,Not Applicable,50MP Rear Camera,NA,4.2,"10,689"
285,"POCO X5 Pro 5G (Yellow, 128 GB)",6,1,Not Applicable,108MP + 8MP + 2MP , 16M,4.3,"21,999"
286,"REDMI 10 (Midnight Black, 128 GB)",6,1,1 TB,50MP + 2MP , 5MP,4.2,"10,999"
287,"realme C31 (Dark Green, 64 GB)",4,6,1 TB,13MP + 2MP + 0.3MP , 5MP,4.4,"10,499"
288,"MOTOROLA g72 (Polar Blue, 128 GB)",6,1,1 TB,108MP + 8MP + 2MP , 16M,4.1,"16,999"
289,"Tecno Pop 7 pro (?Endless Black, 64 GB)",2,6,Not Applicable,12MP Rear Camera,NA,4.1,"6,998"
290,"SAMSUNG Galaxy M13 (Aqua Green, 128 GB)",6,1,Not Applicable,50MP Rear Camera,NA,4.2,"12,869"
291,"REDMI 11 Prime 5G (Chrome Silver, 64 GB)",4,6,Not Applicable,5MP Rear Camera,NA,4.2,"12,999"
292,"REDMI Note 11S (Space Black, 64 GB)",6,6,Not Applicable,108MP Rear Camera,NA,4.1,"14,869"
293,"REDMI Note 12 Pro+ 5G (Arctic White, 256 GB)",12,2,Not Applicable,200MP + 8MP + 2MP , 16M,4.2,"32,999"
294,"REDMI Note 12 (Ice Blue, 128 GB)",6,1,1 TB,50MP + 8MP + 2MP , 13M,4.1,"16,999"
295,"realme 10 Pro+ 5G (Nebula Blue, 256 GB)",8,2,Not Applicable,108MP + 8MP + 2MP , 16M,4.4,"27,999"
296,"Tecno Pop 7 pro (?Endless Black, 64 GB)",3,6,Not Applicable,12MP Rear Camera,NA,4.3,"7,989"
297,"Tecno Camon 19 Pro (Mondrian, 128 GB)",8,1,2 GB,64MP + 50MP + 2MP , 32M,3.8,"15,999"
298,"MOTOROLA g42 (Atlantic Green, 64 GB)",4,6,Not Applicable,50MP + 8MP + 2MP , 16M,4.2,"11,738"
299,"OnePlus Nord 2T 5G (Jade Fog, 128 GB)",8,1,Not Applicable,50MP Rear Camera,NA,4.4,"28,260"
300,"MOTOROLA g72 (Meteorite Grey, 128 GB)",6,1,1 TB,108MP + 8MP + 2MP , 16M,4.1,"16,999"
301,"SAMSUNG Galaxy A34 5G (Awesome Violet, 128 GB)",8,1,1 TB,48MP + 8MP + 5MP , 13M,4.2,"30,999"
302,"OnePlus 10R (Sierra Black, 128 GB)",8,1,Not Applicable,50MP Rear Camera,NA,4.3,"30,724"
303,"realme 9 Pro+ 5G (Sunrise Blue, 256 GB)",8,2,Not Applicable,50MP + 8MP + 2MP , 16M,4.4,"21,999"
304,"REDMI 11 Prime 5G (Chrome Silver, 128 GB)",6,1,Not Applicable,5MP Rear Camera,NA,4.2,"14,999"
305,"POCO X5 Pro 5G (Astral Black, 128 GB)",6,1,Not Applicable,108MP + 8MP + 2MP , 16M,4.3,"21,999"
306,"POCO F5 5G (Snowstorm White, 256 GB)",12,2,Not Applicable,64MP (OIS) + 8MP + 2MP , 16M,4.2,"32,999"
307,"vivo Y16 (Steller Black, 128 GB)",4,1,1 TB,13MP + 2MP , 5MP,4.3,"12,999"
308,"SAMSUNG Galaxy A23 5G (Light Blue, 128 GB)",6,1,1 TB,50MP + 5MP , 8MP,4,"21,999"
309,"vivo Y16 (Steller Black, 64 GB)",4,6,1 TB,13MP + 2MP , 5MP,4.3,"11,999"
310,"vivo Y16 (Drizzling Gold, 64 GB)",3,6,1 TB,13MP + 2MP , 5MP,4.3,"10,499"
311,"OPPO A78 5G (Glowing Blue, 128 GB)",8,1,Not Applicable,13MP Rear Camera,NA,4.4,"18,397"
312,"OPPO Reno8T 5G (Midnight Black, 128 GB)",8,1,1 TB,108MP + 2MP + 2MP , 32M,4.3,"29,999"
313,"OPPO Reno8T 5G (Sunrise Gold, 128 GB)",8,1,1 TB,108MP + 2MP + 2MP , 32M,4.3,"29,999"
314,"REDMI K50i 5G (Quick Silver, 256 GB)",8,2,Not Applicable,64MP + 8MP + 2MP , 16M,4.2,"23,999"
315,"OPPO A78 5G (Glowing Black, 128 GB)",8,1,Not Applicable,13MP Rear Camera,NA,4.4,"18,675"
316,"POCO F5 5G (Carbon Black, 256 GB)",8,2,Not Applicable,64MP (OIS) + 8MP + 2MP , 16M,4.2,"29,999"
317,"OnePlus 10R (Forest Green, 256 GB)",12,2,Not Applicable,50MP Rear Camera,NA,4.2,"35,187"
318,"REDMI Note 11 (Horizon Blue, 64 GB)",4,6,Not Applicable,50MP Rear Camera,NA,4.2,"12,885"
319,"SAMSUNG Galaxy A14 5G (Black, 128 GB)",6,1,1 TB,50MP + 2MP , 13M,4,"18,999"
320,"Google Pixel 7a (Sea, 128 GB)",8,1,Not Applicable,64MP (OIS) + 13MP , 13M,4,"43,999"
321,"Google Pixel 7a (Charcoal, 128 GB)",8,1,Not Applicable,64MP (OIS) + 13MP , 13M,4,"43,999"
322,"realme Narzo 50i Prime (Dark Blue, 64 GB)",4,6,Not Applicable,8MP Rear Camera , 5MP,4.1,"8,940"
323,"MOTOROLA Edge 30 (Meteor Grey, 128 GB)",8,1,Not Applicable,50MP + 50MP + 2MP , 32M,4.1,"24,999"
324,"vivo Y16 (Steller Black, 64 GB)",3,6,1 TB,13MP + 2MP , 5MP,4.3,"10,999"
325,"REDMI 11 Prime 5G (Thunder Black, 128 GB)",6,1,Not Applicable,5MP Rear Camera,NA,4.2,"14,949"
326,"vivo V27 5G (Noble Black, 128 GB)",8,1,Not Applicable,50MP (OIS) + 8MP + 2MP , 50M,4.4,"32,999"
327,"REDMI 10 Power (Power Black, 128 GB)",8,1,Not Applicable,50MP Rear Camera,NA,4.2,"12,689"
328,"REDMI 11 Prime 5G (Meadow Green, 128 GB)",6,1,Not Applicable,5MP Rear Camera,NA,4.2,"14,999"
329,"Infinix Zero 20 (Green Fantasy, 128 GB)",8,1,2 TB,108MP + 13MP + 2MP ,60,4.2,"15,999"
330,"Infinix Zero 20 (DEEP GRAY, 128 GB)",8,1,2 TB,108MP + 13MP + 2MP ,60,4.2,"15,999"
331,"IQOO Z6 Lite 5G (Without Charger) (Mystic Night, 128 GB)",6,1,Not Applicable,50MP Rear Camera,NA,4.1,"15,888"
332,"itel Vision3 (Jewel Blue, 32 GB)",2,3,Not Applicable,8MP Rear Camera,NA,4.3,"6,059"
333,"itel Vision3 (Multi Green, 32 GB)",2,3,Not Applicable,8MP Rear Camera,NA,4.3,"6,059"
334,"REDMI Note 12 Pro+ 5G (Iceberg Blue, 256 GB)",12,2,Not Applicable,200MP + 8MP + 2MP , 16M,4.2,"32,999"
335,"IQOO Z6 Lite 5G (Without Charger) (Stellar Green, 128 GB)",6,1,Not Applicable,50MP Rear Camera,NA,4.1,"16,495"
336,"MOTOROLA Edge 30 Fusion (Cosmic grey, 128 GB)",8,1,Not Applicable,50MP + 13MP + 2MP , 32M,4.3,"34,999"
337,"OnePlus Nord 2T 5G (Gray Shadow, 128 GB)",8,1,Not Applicable,50MP Rear Camera,NA,4.4,"27,979"
338,"IQOO Z6 Lite 5G (Without Charger) (Stellar Green, 128 GB)",6,1,Not Applicable,50MP Rear Camera,NA,4.1,"16,495"
339,"itel A60 (VertMenthe, 32 GB)",2,3,Not Applicable,8MP Rear Camera,NA,4.2,"5,999"
340,"itel A60 (DawnBlue, 32 GB)",2,3,Not Applicable,8MP Rear Camera,NA,4.2,"5,999"
341,"Infinix Note 12 (Force Black, 64 GB)",4,6,2 GB,50MP + 2MP Depth + AI Lens , 16M,4.2,"10,999"
342,"I Kall Z19Pro Flash blue (Flash Blue, 64 GB)",4,6,8 GB,13MP Rear Camera , 8MP,3.4,"7,999"
343,"itel A23S (Sky Black, 32 GB)",2,3,Not Applicable,2MP Rear Camera,NA,3.7,"4,699"
344,"vivo V27 5G (Magic Blue, 128 GB)",8,1,Not Applicable,50MP (OIS) + 8MP + 2MP , 50M,4.4,"32,999"
345,"Tecno Spark Go 2023 (UYUNI BLUE, 64 GB)",4,6,Not Applicable,13MP Rear Camera,NA,4.1,"8,649"
346,"Tecno Spark Go 2023 (Endless Black, 64 GB)",4,6,Not Applicable,13MP Rear Camera,NA,4.1,"8,190"
347,"vivo Y16 (Drizzling Gold, 128 GB)",4,1,1 TB,13MP + 2MP , 5MP,4.3,"12,999"
348,"vivo Y16 (Drizzling Gold, 64 GB)",4,6,1 TB,13MP + 2MP , 5MP,4.3,"11,999"
349,"Tecno Spark Go 2023 (Endless Black, 32+3 GB)",3,3,Not Applicable,13MP Rear Camera,NA,4.2,"6,754"
350,"MOTOROLA Edge 30 (Aurora Green, 128 GB)",8,1,Not Applicable,50MP + 50MP + 2MP , 32M,4.1,"24,999"
351,"SAMSUNG Galaxy A14 5G (Light Green, 128 GB)",6,1,1 TB,50MP + 2MP , 13M,4,"18,999"
352,"Infinix Note 12 (Force Black, 128 GB)",6,1,2 GB,50MP + 2MP Depth + AI Lens , 16M,4.2,"12,999"
353,"OnePlus Nord 2T 5G (Jade Fog, 128 GB)",8,1,Not Applicable,50MP Rear Camera,NA,4.4,"28,990"
354,"MOTOROLA g52 (Metallic White, 128 GB)",6,1,Not Applicable,50MP + 8MP + 2MP , 16M,4.2,"13,999"
355,"SAMSUNG Galaxy Z Flip3 5G (Phantom Black, 128 GB)",8,1,Not Applicable,12MP + 12MP , 10M,4.3,"44,999"
356,"realme Narzo 50A (Oxygen Green, 128 GB)",4,1,6 GB,50MP + 2MP + 2MP , 8MP,4.4,"11,525"
357,"REDMI Note 12 Pro 5G (Glacier Blue, 128 GB)",8,1,Not Applicable,50MP (OIS) + 8MP + 2MP , 16M,4.2,"25,999"
358,"itel A60 (SapphireBlack, 32 GB)",2,3,Not Applicable,8MP Rear Camera,NA,4.2,"5,990"
359,"POCO F5 5G (Electric Blue, 256 GB)",8,2,Not Applicable,64MP (OIS) + 8MP + 2MP , 16M,4.2,"29,999"
360,"Nothing Phone (1) (White, 256 GB)",8,2,Not Applicable,50MP + 50MP , 16M,4.4,"30,999"
361,"Google Pixel 7a (Snow, 128 GB)",8,1,Not Applicable,64MP (OIS) + 13MP , 13M,4,"43,999"
362,"Tecno Spark Go 2023 (UYUNI BLUE, 32+3 GB)",3,3,Not Applicable,13MP Rear Camera,NA,4.2,"6,749"
363,"vivo V25 5G (Elegant Black, 256 GB)",12,2,Not Applicable,64MP + 8MP + 2MP , 50M,4.3,"27,646"
364,"SAMSUNG Galaxy M04 (Dark Blue, 128 GB)",4,1,Not Applicable,13MP + 2MP,NA,4.1,"10,190"
365,"SAMSUNG Galaxy A14 5G (Dark Red, 128 GB)",6,1,1 TB,50MP + 2MP , 13M,4,"18,999"
366,"Infinix Zero 5G 2023 TURBO (Submariner Black, 256 GB)",8,2,6 GB,50MP + 2MP + 2MP , 16M,4,"17,999"
367,"Infinix Zero 5G 2023 TURBO (Pearly White, 256 GB)",8,2,6 GB,50MP + 2MP + 2MP , 16M,4,"17,999"
368,"Infinix Zero 5G 2023 TURBO (Coral Orange, 256 GB)",8,2,6 GB,50MP + 2MP + 2MP , 16M,4,"17,999"
369,"IQOO Z6 Lite 5G (Without Charger) (Mystic Night, 64 GB)",4,6,Not Applicable,50MP Rear Camera,NA,4.2,"14,290"
370,"Nothing Phone (1) (Black, 128 GB)",8,1,Not Applicable,50MP + 50MP , 16M,4.4,"29,499"
371,"realme 9 5G SE (Starry Glow, 128 GB)",8,1,1 TB,48MP + 2MP + 2MP , 16M,4.3,"17,999"
372,"realme 9 5G SE (Azure Glow, 128 GB)",8,1,1 TB,48MP + 2MP + 2MP , 16M,4.3,"17,999"
373,"REDMI 10 (Pacific Blue, 64 GB)",4,6,1 TB,50MP + 2MP , 5MP,4.3,"9,499"
374,"SAMSUNG Galaxy M13 (Aqua Green, 128 GB)",6,1,Not Applicable,50MP Rear Camera,NA,4.2,"12,870"
375,"SAMSUNG Galaxy F13 (Nightsky Green, 128 GB)",4,1,1 TB,50MP + 5MP + 2MP , 8MP,4.3,"11,999"
376,"realme 9i (Prism Blue, 64 GB)",4,6,1 TB,50MP + 2MP + 2MP , 16M,4.5,"11,999"
377,"itel A23S (Sky Cyan, 32 GB)",2,3,Not Applicable,2MP Rear Camera,NA,3.7,"4,699"
378,"vivo Y16 (Drizzling Gold, 128 GB)",4,1,1 TB,13MP + 2MP , 5MP,4.3,"12,989"
379,"vivo Y16 (Stellar Black, 128 GB)",4,1,Not Applicable,13MP + 2MP , 5MP,4.3,"12,990"
380,"SAMSUNG Galaxy A23 5G (Orange, 128 GB)",6,1,1 TB,50MP + 5MP , 8MP,4,"21,999"
381,"REDMI 10A SPORT (SEA BLUE, 128 GB)",6,1,Not Applicable,13MP Rear Camera,NA,4,"10,549"
382,"REDMI 10A (Sea Blue, 64 GB)",4,6,Not Applicable,13MP Rear Camera,NA,4.2,"8,650"
383,"REDMI 10A (Charcoal Black, 64 GB)",4,6,Not Applicable,13MP Rear Camera,NA,4.2,"8,748"
384,"REDMI 10A (Charcoal Black, 64 GB)",4,6,Not Applicable,13MP Rear Camera,NA,4.2,"8,748"
385,"POCO X4 Pro 5G (Laser Black, 128 GB)",8,1,1 TB,64MP + 8MP + 2MP , 16M,4.2,"19,499"
386,"MOTOROLA Edge 30 Fusion (Solar Gold, 128 GB)",8,1,Not Applicable,50MP + 13MP + 2MP , 32M,4.3,"34,999"
387,"itel A23S (Sky Cyan, 32 GB)",2,3,Not Applicable,2MP Rear Camera,NA,3.7,"4,699"
388,"Tecno Pop 5 Pro (Ice Blue, 32 GB)",3,3,6 GB,8MP Rear Camera , 5MP,4.2,"7,048"
389,"Tecno Pop 5 Pro (Deepsea Luster, 32 GB)",3,3,6 GB,8MP Rear Camera , 5MP,4.2,"6,980"
390,"realme 9i (Prism Black, 128 GB)",4,1,1 TB,50MP + 2MP + 2MP , 16M,4.5,"13,499"
391,"SAMSUNG GALAXY M13 5G (Aqua Green, 64 GB)",4,6,Not Applicable,50MP Rear Camera,NA,4.1,"12,690"
392,"vivo Y56 5G (Black Engine, 128 GB)",8,1,Not Applicable,50MP + 2MP , 16M,4.2,"19,999"
393,"vivo Y56 5G (Black Engine, 128 GB)",4,1,Not Applicable,50MP + 2MP , 16M,4.3,"17,999"
394,"Tecno Spark 9 (Sky Mirror, 64 GB)",4,6,2 GB,13MP Rear Camera , 8MP,4.1,"8,595"
395,"Tecno Spark 9 (Infinity Black, 64 GB)",4,6,2 GB,13MP Rear Camera , 8MP,4.1,"7,889"
396,"SAMSUNG Galaxy A14 5G (Light Green, 64 GB)",4,6,1 TB,50MP + 2MP , 13M,4.1,"16,499"
397,"SAMSUNG Galaxy A14 5G (Dark Red, 64 GB)",4,6,1 TB,50MP + 2MP , 13M,4.1,"16,499"
398,"OnePlus 10R (Forest Green, 128 GB)",8,1,Not Applicable,50MP Rear Camera,NA,4.3,"30,698"
399,"Tecno Spark 9 (Sky Mirror, 64 GB)",3,6,2 GB,13MP Rear Camera , 8MP,4,"8,490"
400,"Tecno Pova 3 (Eco Black, 64 GB)",4,6,2 GB,50MP + 2MP + 2MP , 8MP,4.2,"10,849"
401,"vivo V27 5G (Magic Blue, 256 GB)",12,2,Not Applicable,50MP (OIS) + 8MP + 2MP , 50M,4.4,"36,999"
402,"SAMSUNG Galaxy A34 5G (Awesome Graphite, 128 GB)",8,1,1 TB,48MP + 8MP + 5MP , 13M,4.2,"30,999"
403,"APPLE iPhone 11 (White, 64 GB)",64,0,Not Applicable,12MP + 12MP , 12M,4.6,"40,999"
404,"REDMI Note 10S (Frost White, 128 GB)",6,1,2 GB,64MP + 8MP + 2MP + 2MP , 13M,4.4,"16,499"
405,"vivo Y12G (Phantom Black, 64 GB)",3,6,6 GB,13MP + 2MP , 8MP,4.3,"11,200"
406,"Tecno Spark 9T (Atlantic Blue, 64 GB)",4,6,2 GB,50MP + 2MP , 8MP,4.3,"8,649"
407,"vivo V23 5G (Stardust Black, 256 GB)",12,2,Not Applicable,64MP + 8MP + 2MP , 50M,4.3,"27,540"
408,"Tecno Spark 9 (Infinity Black, 64 GB)",4,6,2 GB,13MP Rear Camera , 8MP,4.1,"7,889"
409,"REDMI 10A (Charcoal Black, 64 GB)",4,6,Not Applicable,13MP Rear Camera,NA,4.2,"9,298"
410,"APPLE iPhone 11 (White, 128 GB)",12,0,Not Applicable,12MP + 12MP , 12M,4.6,"44,999"
411,"vivo V25 Pro 5G (Sailing Blue, 128 GB)",8,1,Not Applicable,64MP + 8MP + 2MP , 32M,4.3,"35,999"
412,"REDMI Note 11 (Horizon Blue, 64 GB)",4,6,Not Applicable,50MP Rear Camera,NA,4.2,"12,885"
413,"SAMSUNG Galaxy A34 5G (Awesome Graphite, 256 GB)",8,2,1 TB,48MP + 8MP + 5MP , 13M,4.2,"32,999"
414,"MOTOROLA G32 (Mineral Gray, 64 GB)",4,6,Not Applicable,50MP + 8MP + 2MP , 16M,4.2,"10,999"
415,"SAMSUNG Galaxy F23 5G (Forest Green, 128 GB)",4,1,1 TB,50MP + 8MP + 2MP , 8MP,4.2,"15,999"
416,"REDMI Note 12 Pro 5G (Glacier Blue, 128 GB)",8,1,Not Applicable,50MP (OIS) + 8MP + 2MP , 16M,4.2,"25,999"
417,"realme Narzo 50i (Carbon Black, 64 GB)",4,6,6 GB,8MP Rear Camera , 5MP,4.3,"8,499"
418,"SAMSUNG Galaxy M04 (Dark Blue, 128 GB)",4,1,Not Applicable,13MP + 2MP,NA,4.1,"9,243"
419,"itel A23S (Sky Cyan, 32 GB)",2,3,Not Applicable,2MP Rear Camera,NA,3.7,"4,699"
420,"itel A60 (VertMenthe, 32 GB)",2,3,Not Applicable,8MP Rear Camera,NA,4.2,"5,999"
421,"realme 9i (Prism Black, 128 GB)",4,1,1 TB,50MP + 2MP + 2MP , 16M,4.5,"13,499"
422,"vivo Y56 5G (Orange Shimmer, 128 GB)",8,1,Not Applicable,50MP + 2MP , 16M,4.2,"19,999"
423,"Infinix Note 12 5G (Force Black, 64 GB)",6,6,2 TB,50 MP + 2 MP Depth Lens + AI Lens , 16M,4.2,"14,999"
424,"REDMI 10A (Slate Grey, 32 GB)",3,3,Not Applicable,13MP Rear Camera,NA,4.1,"7,995"
425,"vivo Y16 (Steller Black, 32 GB)",3,3,1 TB,13MP + 2MP , 5MP,4.3,"10,999"
426,"vivo V25 Pro 5G (Pure Black, 128 GB)",8,1,Not Applicable,64MP + 8MP + 2MP , 32M,4.3,"35,999"
427,"APPLE iPhone 11 (Black, 128 GB)",12,0,Not Applicable,12MP + 12MP , 12M,4.6,"44,999"
428,"MOTOROLA Edge 40 (Nebula Green, 256 GB)",8,2,Not Applicable,50MP + 13MP , 32M,4.2,"29,999"
429,"SAMSUNG Galaxy A14 5G (Light Green, 128 GB)",8,1,1 TB,50MP + 2MP , 13M,4.1,"20,999"
430,"REDMI 12c (Matte Black, 128 GB)",6,1,1 TB,50MP Rear Camera , 5MP,4.2,"11,290"
431,"REDMI 12C (Matte Black, 64 GB)",4,6,Not Applicable,50MP Rear Camera,NA,4.2,"8,860"
432,"itel A23S (Ocean Blue, 32 GB)",2,3,Not Applicable,2MP Rear Camera,NA,3.7,"4,699"
433,"MOTOROLA Edge 40 (Eclipse Black, 256 GB)",8,2,Not Applicable,50MP + 13MP , 32M,4.2,"29,999"
434,"APPLE iPhone 11 (White, 128 GB)",12,0,Not Applicable,12MP + 12MP , 12M,4.6,"44,999"
435,"OPPO A17k (Navy Blue, 64 GB)",3,6,2 TB,8MP Rear Camera , 5MP,4.5,"9,499"
436,"OPPO A17K (Navy Blue, 64 GB)",3,6,2 TB,8MP Rear Camera , 5MP,4.5,"9,800"
437,"OPPO A17k (Gold, 64 GB)",3,6,2 TB,8MP Rear Camera , 5MP,4.5,"9,499"
438,"MOTOROLA e22s (Eco Black, 64 GB)",4,6,1 TB,16MP + 2MP , 8MP,3.9,"8,940"
439,"SAMSUNG Galaxy F23 5G (Aqua Blue, 128 GB)",4,1,1 TB,50MP + 8MP + 2MP , 8MP,4.2,"15,999"
440,"vivo V25 Pro 5G (Pure Black, 128 GB)",8,1,Not Applicable,64MP + 8MP + 2MP , 32M,4.3,"35,999"
441,"SAMSUNG Galaxy M33 5G (Deep Ocean Blue, 128 GB)",6,1,Not Applicable,50MP Rear Camera,NA,4.2,"16,388"
442,"SAMSUNG Galaxy F23 5G (Forest Green, 128 GB)",4,1,1 TB,50MP + 8MP + 2MP , 8MP,4.2,"15,999"
443,"SAMSUNG Galaxy A14 5G (Light Green, 128 GB)",8,1,1 TB,50MP + 2MP , 13M,4.1,"20,999"
444,"Infinix Note 12 Pro (Volcanic Grey, 256 GB)",8,2,2 TB,108MP + 2MP Depth Lens + AI lens , 16M,4.2,"16,999"
445,"SAMSUNG Galaxy A34 5G (Awesome Graphite, 256 GB)",8,2,1 TB,48MP + 8MP + 5MP , 13M,4.2,"32,999"
446,"Infinix Note 12 5G (Force Black, 64 GB)",6,6,2 TB,50 MP + 2 MP Depth Lens + AI Lens , 16M,4.2,"14,999"
447,"APPLE iPhone 14 Plus (Midnight, 128 GB)",12,0,Not Applicable,12MP + 12MP , 12M,4.7,"79,999"
448,"REDMI Note 11S (Polar White, 64 GB)",6,6,Not Applicable,108MP Rear Camera,NA,4.1,"14,489"
449,"MOTOROLA G42 (Metallic Rose, 64 GB)",4,6,Not Applicable,50MP Rear Camera,NA,4.2,"11,629"
450,"vivo Y56 5G (Orange Shimmer, 128 GB)",4,1,Not Applicable,50MP + 2MP , 16M,4.3,"17,999"
451,"Redmi 9A Sport (Metallic Blue, 32 GB)",2,3,Not Applicable,13MP Rear Camera,NA,4.1,"6,999"
452,"realme C21Y (Cross Blue, 64 GB)",4,6,6 GB,13MP + 2MP + 2MP , 5MP,4.5,"8,499"
453,"realme C33 (Night Sea, 32 GB)",3,3,1 TB,50MP + 0.3MP , 5MP,4.4,"8,999"
454,"realme C21Y (Cross Black, 32 GB)",3,3,6 GB,13MP + 2MP + 2MP , 5MP,4.6,"7,499"
455,"vivo T1 Pro 5G (Turbo Black, 128 GB)",8,1,Not Applicable,64MP + 8MP + 2MP , 16M,4.4,"24,999"
456,"SAMSUNG Galaxy M04 (Light Green, 128 GB)",4,1,Not Applicable,13MP + 2MP,NA,4.1,"9,995"
457,"realme 9i (Prism Blue, 128 GB)",4,1,1 TB,50MP + 2MP + 2MP , 16M,4.5,"13,499"
458,"realme Narzo N55 (Prime Black, 64 GB)",4,6,Not Applicable,64MP Rear Camera,NA,4.2,"11,374"
459,"vivo T1 Pro 5G (Turbo Cyan, 128 GB)",8,1,Not Applicable,64MP + 8MP + 2MP , 16M,4.4,"24,999"
460,"REDMI 10A SPORT (SLATE GREY, 128 GB)",6,1,Not Applicable,13MP Rear Camera,NA,4,"10,999"
461,"realme C33 (Sandy Gold, 64 GB)",4,6,1 TB,50MP + 0.3MP , 5MP,4.4,"9,999"
462,"itel A27 (Deep Grey, 32 GB)",2,3,2 GB,2MP Rear Camera , 2MP,4,"5,222"
463,"realme C30s (Stripe Blue, 32 GB)",2,3,1 TB,8MP Rear Camera , 5MP,4.4,"6,999"
464,"realme C33 (Aqua Blue, 64 GB)",4,6,1 TB,50MP + 0.3MP , 5MP,4.4,"9,999"
465,"Infinix HOT 12 Play (Racing Black, 64 GB)",4,6,6 GB,13MP + Depth Lens , 8MP,4.3,"8,999"
466,"IQOO Neo 7 5G (Interstellar Black, 128 GB)",8,1,Not Applicable,64MP Rear Camera,NA,4.5,"29,988"
467,"IQOO Neo 7 5G (Interstellar Black, 256 GB)",12,2,Not Applicable,64MP Rear Camera,NA,4.4,"34,468"
468,"IQOO Neo 7 5G (Frost Blue, 256 GB)",12,2,Not Applicable,64MP Rear Camera,NA,4.4,"34,425"
469,"REDMI 10A (Charcoal Black, 32 GB)",3,3,Not Applicable,13MP Rear Camera,NA,4.1,"8,490"
470,"vivo Y100 5G (Pacific Blue, 128 GB)",8,1,Not Applicable,64MP (OIS) + 2MP + 2MP , 16M,4.3,"23,999"
471,"Infinix Smart 6 (Heart Of Ocean, 64 GB)",2,6,2 GB,8 MP + Depth Lens , 5MP,4.3,"6,999"
472,"Infinix Smart 6 (Light Sea Green, 64 GB)",2,6,2 GB,8 MP + Depth Lens , 5MP,4.3,"6,999"
473,"REDMI Note 12 Pro+ 5G (Obsidian Black, 256 GB)",12,2,Not Applicable,200MP + 8MP + 2MP , 16M,4.2,"32,999"
474,"Google Pixel 7 (Lemongrass, 128 GB)",8,1,Not Applicable,50MP + 12MP ,10,4.4,"53,999"
475,"Nokia 2.1 (Blue&Copper, 8 GB)",1,8,Not Applicable,8MP Rear Camera,NA,4,"5,499"
476,"MOTOROLA G60 (Dynamic Gray, 128 GB)",6,1,Not Applicable,108MP + 8MP + 2MP , 32M,4.2,"14,999"
477,"Infinix Note 12 Pro (Tuscany Blue, 256 GB)",8,2,2 TB,108MP + 2MP Depth Lens + AI lens , 16M,4.2,"16,999"
478,"vivo T1X (Space Blue, 64 GB)",4,6,Not Applicable,50MP + 2MP , 8MP,4.5,"16,990"
479,"vivo T1X (Gravity Black, 64 GB)",4,6,Not Applicable,50MP + 2MP , 8MP,4.5,"16,990"
480,"vivo T1X (Gravity Black, 128 GB)",6,1,Not Applicable,50MP + 2MP , 8MP,4.4,"14,999"
481,"realme C30s (Stripe Black, 32 GB)",2,3,1 TB,8MP Rear Camera , 5MP,4.4,"6,999"
482,"SAMSUNG Galaxy M04 (Dark Blue, 128 GB)",4,1,Not Applicable,13MP + 2MP,NA,4.1,"9,300"
483,"SAMSUNG Galaxy A33 (Awesome Blue, 128 GB)",8,1,1 TB,48MP + 8MP + 5MP + 2MP , 13M,4.1,"26,990"
484,"SAMSUNG Galaxy A23 (Peach, 128 GB)",6,1,1 TB,50MP Rear Camera , 8MP,4.2,"17,499"
485,"vivo T1 Pro 5G (Turbo Black, 128 GB)",6,1,Not Applicable,64MP + 8MP + 2MP , 16M,4.4,"23,999"
486,"itel A49 (Sky Cyan, 32 GB)",2,3,8 GB,5MP Rear Camera , 5MP,4.2,"5,799"
487,"MOTOROLA Edge 30 Ultra (Interstellar Black, 256 GB)",12,2,Not Applicable,200MP + 50MP + 12MP , 60M,4.3,"49,999"
488,"OnePlus 10R 5G (Forest Green, 256 GB)",12,2,Not Applicable,50MP Rear Camera,NA,4.2,"35,300"
489,"OPPO A77s (Starry Black, 128 GB)",8,1,1 TB,50MP + 2MP , 8MP,4.3,"16,499"
490,"vivo T1X (Space Blue, 128 GB)",6,1,Not Applicable,50MP + 2MP , 8MP,4.4,"14,999"
491,"OPPO F21s Pro 5G (Dawnlight Gold, 128 GB)",8,1,1 TB,64MP + 64MP + 2MP + 2MP , 16M,4.2,"25,300"
492,"OPPO F21s Pro 5G (Starlight Black, 128 GB)",8,1,1 TB,64MP + 2MP + 2MP , 16M,4.2,"23,500"
493,"LAVA Z3 (Striped Blue, 32 GB)",3,3,2 GB,8MP Rear Camera , 5MP,4.1,"7,499"
494,"vivo T1X (Gravity Black, 128 GB)",4,1,Not Applicable,50MP + 2MP , 8MP,4.5,"12,999"
495,"realme Narzo 50 (Speed Blue, 128 GB)",6,1,6 GB,50MP + 2MP + 2MP , 16M,4.3,"17,999"
496,"SAMSUNG GALAXY M13 (Stardust Brown, 128 GB)",6,1,Not Applicable,50MP Rear Camera,NA,4.2,"12,837"
497,"MOTOROLA g52 (Charcoal Grey, 64 GB)",4,6,Not Applicable,50MP + 8MP + 2MP , 16M,4.2,"11,249"
498,"REDMI 10A (Slate Grey, 32 GB)",3,3,Not Applicable,13MP Rear Camera,NA,4.1,"7,489"
499,"vivo Y75 (Dancing waves, 128 GB)",8,1,1 TB,50MP + 8MP + 2MP , 44M,4.3,"19,990"
500,"REDMI Note 11 (Space Black, 64 GB)",4,6,Not Applicable,50MP Rear Camera,NA,4.2,"13,100"
501,"REDMI 12c (Royal Blue, 128 GB)",6,1,1 TB,50MP Rear Camera , 5MP,4.2,"10,706"
502,"OnePlus Nord (Gray Onyx, 128 GB)",8,1,Not Applicable,48MP + 8MP , 32M,4.8,"24,980"
503,"SAMSUNG Galaxy A14 5G (Black, 64 GB)",4,6,1 TB,50MP + 2MP , 13M,4.1,"16,499"
504,"SAMSUNG Galaxy A34 5G (Awesome Silver, 128 GB)",8,1,1 TB,48MP + 8MP + 5MP , 13M,4.2,"30,999"
505,"realme Narzo 50 (Speed Black, 128 GB)",6,1,6 GB,50MP + 2MP + 2MP , 16M,4.3,"17,999"
506,"realme C30s (Stripe Black, 64 GB)",4,6,1 TB,8MP Rear Camera , 5MP,4.2,"8,499"
507,"vivo V23 5G (Stardust Black, 128 GB)",8,1,Not Applicable,64MP + 8MP + 2MP , 50M,4.4,"29,990"
508,"REDMI 10 Prime 2022 (Phantom Black, 64 GB)",4,6,Not Applicable,50MP Rear Camera,NA,4.2,"11,967"
509,"REDMI 10 Prime 2022 (Astral White, 64 GB)",4,6,Not Applicable,50MP Rear Camera,NA,4.2,"11,880"
510,"MOTOROLA g31 (Meteorite Grey, 64 GB)",4,6,1 TB,50MP + 8MP + 2MP , 13M,4.2,"11,999"
511,"SAMSUNG Galaxy M53 5G (Emerald Brown, 128 GB)",6,1,Not Applicable,108MP Rear Camera,NA,3.7,"24,385"
512,"POCO F5 5G (Electric Blue, 256 GB)",12,2,Not Applicable,64MP (OIS) + 8MP + 2MP , 16M,4.2,"32,999"
513,"vivo V23e 5G (Midnight Blue, 128 GB)",8,1,1 TB,50MP + 8MP + 2MP , 44M,4.2,"23,999"
514,"LAVA BEU (ROSE PINK, 32 GB)",2,3,Not Applicable,13MP Rear Camera,NA,4,"5,940"
515,"POCO F1 (Steel Blue, 64 GB)",6,6,6 GB,12MP + 5MP , 20M,4.5,"13,489"
516,"SAMSUNG GALAXY M13 5G (Midnight Blue, 64 GB)",4,6,Not Applicable,50MP Rear Camera,NA,4.1,"12,689"
517,"REDMI Note 9 (Shadow Black, 128 GB)",6,1,2 GB,48MP + 8MP + 2MP + 2MP , 13M,4.3,"14,999"
518,"Redmi 10 Prime (Phantom Black, 64 GB)",4,6,Not Applicable,8MP Rear Camera,NA,4.2,"11,990"
519,"IQOO Z6 Lite 5G (Without Charger) (Stellar Green, 64 GB)",4,6,Not Applicable,50MP Rear Camera,NA,4.2,"14,290"
520,"itel A25 (Gradation Blue, 16 GB)",1,1,2 GB,5MP Rear Camera , 2MP,3.9,"4,924"
521,"realme NARZO 50A PRIME (FLASH BLUE, 64 GB)",4,6,Not Applicable,50MP Rear Camera,NA,4.1,"10,943"
522,"realme Narzo 50A Prime (Flash Black, 64 GB)",4,6,2 GB,50MP Rear Camera , 8MP,4.1,"11,199"
523,"Infinix Smart 6 (Polar Black, 64 GB)",2,6,2 GB,8 MP + Depth Lens , 5MP,4.3,"6,999"
524,"Infinix Smart 6 (Starry Purple, 64 GB)",2,6,2 GB,8 MP + Depth Lens , 5MP,4.3,"6,999"
525,"REDMI 10 Prime (Bifrost Blue, 128 GB)",6,1,2 GB,50MP + 8MP + 2MP + 2MP , 8MP,4.2,"13,990"
526,"MOTOROLA g42 (Metallic Rose, 64 GB)",4,6,Not Applicable,50MP + 8MP + 2MP , 16M,4.2,"13,999"
527,"Tecno Spark Go 2023 (Uyuni Blue, 64 GB)",4,6,6 GB,13MP Rear Camera , 5MP,4.1,"8,190"
528,"vivo Y565G (Orange Shimmer, 128 GB)",8,1,1 TB,50MP + 2MP , 16M,4.4,"19,979"
529,"Redmi 10 Prime (Astral White, 64 GB)",4,6,Not Applicable,8MP Rear Camera,NA,4.2,"11,390"
530,"APPLE iPhone 14 Plus (Blue, 128 GB)",12,0,Not Applicable,12MP + 12MP , 12M,4.7,"79,999"
531,"MOTOROLA Edge 40 (Nebula Green, 256 GB)",8,2,Not Applicable,50MP + 13MP , 32M,4.2,"29,999"
532,"SAMSUNG Galaxy M33 5G (Emarld Brown, 128 GB)",6,1,Not Applicable,50MP Rear Camera,NA,4.2,"24,999"
533,"Tecno Spark 9T (Tahiti Gold, 64 GB)",4,6,2 MB,50MP + 2MP , 8MP,4.3,"8,990"
534,"Infinix Note 11s Free Fire Edition (Mithril Grey, 128 GB)",8,1,2 GB,50 MP + 2 MP Depth Lens + 2 MP Macro Lens , 16M,4.3,"15,999"
535,"itel P40 (Luxurious Gold, 64 GB)",4,6,Not Applicable,13MP Rear Camera,NA,4.3,"7,699"
536,"SAMSUNG M53 5G (Deep Ocean Blue, 128 GB)",6,1,Not Applicable,108MP Rear Camera,NA,4.1,"23,390"
537,"REDMI Note 11T 5G (Aquamarine Blue, 128 GB)",6,1,Not Applicable,50MP Rear Camera,NA,4.2,"18,500"
538,"POCO X4 Pro 5G (Yellow, 128 GB)",8,1,1 TB,64MP + 8MP + 2MP , 16M,4.2,"19,499"
539,"itel A25 (Gradation Green, 16 GB)",1,1,2 GB,5MP Rear Camera , 2MP,3.9,"4,999"
540,"MOTOROLA g13 (Matte Charcoal, 64 GB)",4,6,1 TB,50MP + 2MP + 2MP , 8MP,3.9,"9,499"
541,"MOTOROLA G32 (Satin Silver, 64 GB)",4,6,Not Applicable,50MP + 8MP + 2MP , 16M,4.2,"10,999"
542,"SAMSUNG Galaxy A23 5G (Silver, 128 GB)",6,1,1 TB,50MP + 5MP , 8MP,4,"21,999"
543,"vivo V23e 5G (Sunshine Gold, 128 GB)",8,1,1 TB,50MP + 8MP + 2MP , 44M,4.2,"24,199"
544,"Mi 11 Lite (Jazz Blue, 128 GB)",8,1,2 GB,64MP + 8MP + 5MP , 16M,4.2,"18,999"
545,"Mi 11 Lite (Vinyl Black, 128 GB)",8,1,2 GB,64MP + 8MP + 5MP , 16M,4.2,"18,999"
546,"REDMI 10 Prime (Phantom Black, 128 GB)",6,1,2 GB,50MP + 8MP + 2MP + 2MP , 8MP,4.2,"13,990"
547,"vivo V25 Pro 5G (Pure Black, 256 GB)",12,2,Not Applicable,64MP + 8MP + 2MP , 32M,4.3,"31,499"
548,"IQOO Neo 7 5G (Frost Blue, 128 GB)",8,1,Not Applicable,64MP Rear Camera,NA,4.5,"29,689"
549,"realme C20 (Cool Blue, 32 GB)",2,3,6 GB,8MP Rear Camera , 5MP,4.4,"7,499"
550,"SAMSUNG Galaxy A13 (Peach, 128 GB)",6,1,1 TB,50MP + 5MP + 2MP + 2MP , 8MP,4.2,"16,499"
551,"vivo Y21E (Midnight Blue, 64 GB)",3,6,Not Applicable,13MP Rear Camera,NA,4.3,"11,990"
552,"REDMI Note 11 (Starburst White, 64 GB)",4,6,Not Applicable,50MP Rear Camera,NA,4.2,"13,490"
553,"SAMSUNG M53 5G (Deep Ocean Blue, 128 GB)",6,1,Not Applicable,108MP Rear Camera,NA,4.1,"23,390"
554,"REDMI Note 11T 5G (Aquamarine Blue, 128 GB)",6,1,Not Applicable,50MP Rear Camera,NA,4.2,"18,500"
555,"REDMI Note 11 (Horizon Blue, 128 GB)",6,1,Not Applicable,50MP Rear Camera,NA,4.3,"14,980"
556,"POCO X4 Pro 5G (Yellow, 128 GB)",8,1,1 TB,64MP + 8MP + 2MP , 16M,4.2,"19,499"
557,"MOTOROLA g13 (Matte Charcoal, 64 GB)",4,6,1 TB,50MP + 2MP + 2MP , 8MP,3.9,"9,499"
558,"MOTOROLA G32 (Satin Silver, 64 GB)",4,6,Not Applicable,50MP + 8MP + 2MP , 16M,4.2,"10,999"
559,"itel A25 (Gradation Green, 16 GB)",1,1,2 GB,5MP Rear Camera , 2MP,3.9,"4,999"
560,"Infinix Hot 11 (Emerald Green, 64 GB)",4,6,6 GB,13MP + Depth Lens , 8MP,4.3,"9,999"
561,"SAMSUNG Galaxy A23 5G (Silver, 128 GB)",6,1,1 TB,50MP + 5MP , 8MP,4,"21,999"
562,"Mi 11 Lite (Jazz Blue, 128 GB)",8,1,2 GB,64MP + 8MP + 5MP , 16M,4.2,"18,999"
563,"vivo V23e 5G (Sunshine Gold, 128 GB)",8,1,1 TB,50MP + 8MP + 2MP , 44M,4.2,"24,199"
564,"Mi 11 Lite (Vinyl Black, 128 GB)",8,1,2 GB,64MP + 8MP + 5MP , 16M,4.2,"18,999"
565,"IQOO Neo 7 5G (Frost Blue, 128 GB)",8,1,Not Applicable,64MP Rear Camera,NA,4.5,"29,689"
566,"REDMI 10 Prime (Phantom Black, 128 GB)",6,1,2 GB,50MP + 8MP + 2MP + 2MP , 8MP,4.2,"13,990"
567,"vivo V25 Pro 5G (Pure Black, 256 GB)",12,2,Not Applicable,64MP + 8MP + 2MP , 32M,4.3,"31,499"
568,"Infinix Hot 12 Pro (Halo White, 64 GB)",6,6,6 GB,50 MP + Depth Lens , 8MP,4.2,"9,999"
569,"SAMSUNG Galaxy A13 (Peach, 128 GB)",6,1,1 TB,50MP + 5MP + 2MP + 2MP , 8MP,4.2,"16,499"
570,"APPLE iPhone 11 (Black, 64 GB)",64,0,Not Applicable,12MP + 12MP , 12M,4.6,"40,999"
571,"Infinix Hot 12 Pro (Lightsaber Green, 128 GB)",8,1,6 GB,50 MP + Depth Lens , 8MP,4,"12,999"
572,"realme C20 (Cool Blue, 32 GB)",2,3,6 GB,8MP Rear Camera , 5MP,4.4,"7,499"
573,"vivo Y21E (Midnight Blue, 64 GB)",3,6,Not Applicable,13MP Rear Camera,NA,4.3,"11,990"
574,"Coolpad Mega 5M (Black, 16 GB)",1,1,2 GB,5MP Rear Camera , 2MP,3.3,"3,599"
575,"MOTOROLA e32s (Misty Silver, 32 GB)",3,3,1 TB,16MP + 2MP + 2MP , 8MP,3.5,"7,791"
576,"REDMI Note 11 (Horizon Blue, 64 GB)",6,6,Not Applicable,50MP Rear Camera,NA,4.3,"14,200"
577,"LAVA BEU (ROSE PINK, 32 GB)",2,3,Not Applicable,13MP Rear Camera,NA,4,"5,940"
578,"Xiaomi 11Lite NE (Vinyl Black, 128 GB)",6,1,1 TB,64MP + 8MP + 5MP , 20M,4.2,"21,700"
579,"MOTOROLA g42 (Metallic Rose, 64 GB)",4,6,Not Applicable,50MP + 8MP + 2MP , 16M,4.2,"13,999"
580,"Infinix Note 11s Free Fire Edition (Mithril Grey, 128 GB)",8,1,2 GB,50 MP + 2 MP Depth Lens + 2 MP Macro Lens , 16M,4.3,"15,999"
581,"REDMI 10 Prime (Phantom Black, 128 GB)",6,1,2 GB,50MP + 8MP + 2MP + 2MP , 8MP,4.2,"13,990"
582,"IQOO Z6 Lite 5G (Mystic Night, 128 GB)",6,1,Not Applicable,50MP Rear Camera,NA,4.3,"15,995"
583,"vivo V25 5G (Elegant Black, 256 GB)",12,2,Not Applicable,64MP + 8MP + 2MP , 50M,4.3,"27,646"
584,"OPPO A17K (Gold, 64 GB)",3,6,1 TB,8MP Rear Camera , 5MP,4.5,"9,800"
585,"vivo T1 Pro 5G (Turbo Cyan, 128 GB)",6,1,Not Applicable,64MP + 8MP + 2MP , 16M,4.4,"23,999"
586,"realme 8 (Cyber Black, 128 GB)",8,1,6 GB,64MP + 8MP + 2MP + 2MP , 16M,4.4,"15,499"
587,"Realme C30 - Locked with Airtel Prepaid (Denim Black, 32 GB)",2,3,1 TB,8MP Rear Camera , 5MP,4.2,"5,549"
588,"itel A25 (Gradation Blue, 16 GB)",1,1,2 GB,5MP Rear Camera , 2MP,3.9,"4,924"
589,"vivo Y100A (Twilight Gold, 256 GB)",8,2,Not Applicable,64MP + 2MP + 2MP , 16M,4.4,"25,999"
590,"vivo Y100A (Metal Black, 256 GB)",8,2,Not Applicable,64MP + 2MP + 2MP , 16M,4.4,"25,999"
591,"SAMSUNG Galaxy A04 (Copper, 128 GB)",4,1,1 TB,50MP + 2MP , 5MP,4,"12,999"
592,"REDMI Note 11S (Polar White, 128 GB)",8,1,Not Applicable,108MP Rear Camera,NA,4.2,"16,990"
593,"itel A27 (Silver Purple, 32 GB)",2,3,2 GB,2MP Rear Camera , 2MP,4,"5,251"
594,"Mi 11 Lite (Jazz Blue, 128 GB)",8,1,2 GB,64MP + 8MP + 5MP , 16M,4.2,"18,999"
595,"Mi 11 Lite (Vinyl Black, 128 GB)",8,1,2 GB,64MP + 8MP + 5MP , 16M,4.2,"18,999"
596,"itel A25 (Gradation Green, 16 GB)",1,1,2 GB,5MP Rear Camera , 2MP,3.9,"4,999"
597,"Google Pixel 7 Pro (Obsidian, 128 GB)",12,1,Not Applicable,50MP + 48MP + 12MP ,10,4.4,"75,999"
598,"vivo Y21E (Diamond Glow, 64 GB)",3,6,Not Applicable,13MP Rear Camera,NA,4.3,"11,234"
599,"Infinix Hot 12 Pro (Lightsaber Green, 128 GB)",8,1,6 GB,50 MP + Depth Lens , 8MP,4,"12,999"
600,"REDMI Note 11s (Space Black, 128 GB)",8,1,Not Applicable,50MP Rear Camera,NA,4.2,"17,450"
601,"REDMI Note 11S (Polar White, 128 GB)",8,1,Not Applicable,108MP Rear Camera,NA,4.2,"16,990"
602,"Nokia C31 (Charcoal, 32 GB)",3,3,Not Applicable,13MP Rear Camera,NA,4,"8,999"
603,"Redmi 9A Sport (Metallic Blue, 32 GB)",3,3,Not Applicable,13MP Rear Camera,NA,4.2,"7,998"
604,"vivo Y21E (Diamond Glow, 64 GB)",3,6,Not Applicable,13MP Rear Camera,NA,4.3,"11,234"
605,"SAMSUNG Galaxy M53 5G (Emerald Brown, 128 GB)",8,1,Not Applicable,108MP Rear Camera,NA,4,"25,295"
606,"vivo Y21T (Midnight Blue, 128 GB)",4,1,1 TB,50MP + 2MP + 2MP , 8MP,4.4,"15,499"
607,"realme 8 (Punk Black, 128 GB)",4,1,6 GB,64MP + 8MP + 2MP + 2MP , 16M,4.4,"13,499"
608,"vivo Y100 5G (Twilight Gold, 128 GB)",8,1,Not Applicable,64MP (OIS) + 2MP + 2MP , 16M,4.3,"23,999"
609,"realme 8 (Cyber Black, 128 GB)",8,1,6 GB,64MP + 8MP + 2MP + 2MP , 16M,4.4,"15,499"
610,"vivo Y100 5G (Metal Black, 128 GB)",8,1,Not Applicable,64MP (OIS) + 2MP + 2MP , 16M,4.3,"23,999"
611,"TCL L7 (Black, 32 GB)",2,3,Not Applicable,8MP Rear Camera,NA,3.5,"4,790"
612,"vivo Y75 (Moonlight Shadow, 128 GB)",8,1,1 TB,50MP + 8MP + 2MP , 44M,4.3,"19,989"
613,"SAMSUNG GALAXY M13 (Stardust Brown, 64 GB)",4,6,Not Applicable,50MP Rear Camera,NA,4.2,"10,780"
614,"POCO C31 (Royal Blue, 32 GB)",3,3,2 GB,13MP + 2MP + 2MP , 5MP,4.3,"8,499"
615,"realme Narzo 50i Prime (Mint Green, 64 GB)",4,6,Not Applicable,8MP Rear Camera , 5MP,4.1,"8,975"
616,"Redmi 9 (Carbon Black, 64 GB)",4,6,Not Applicable,13MP + 2MP , 5MP,4.2,"10,990"
617,"OPPO A15 (Dynamic Black, 32 GB)",3,3,6 GB,13MP + 2MP + 2MP , 5MP,4.3,"9,490"
618,"OnePlus 11 5G (Eternal Green, 256 GB)",16,2,Not Applicable,50MP Rear Camera,NA,4.5,"60,999"
619,"POCO M4 Pro (Power Black, 128 GB)",6,1,1 TB,64MP + 8MP + 2MP , 16M,4.3,"16,499"
620,"Realme C30 - Locked with Airtel Prepaid (Denim Black, 32 GB)",2,3,1 TB,8MP Rear Camera , 5MP,4.2,"5,549"
621,"SAMSUNG Galaxy A54 5G (Awesome Graphite, 256 GB)",8,2,1 TB,50MP + 12MP + 5MP , 32M,4.3,"40,999"
622,"REDMI 9 Prime (Sunrise Flare, 64 GB)",4,6,2 GB,13MP + 8MP + 5MP + 2MP , 8MP,4.4,"10,499"
623,"vivo T1 Pro 5G (Turbo Cyan, 128 GB)",6,1,Not Applicable,64MP + 8MP + 2MP , 16M,4.4,"23,999"
624,"SAMSUNG Galaxy A13 (Peach, 128 GB)",6,1,1 TB,50MP + 5MP + 2MP + 2MP , 8MP,4.2,"16,499"
625,"REDMI 9 Activ (Carbon Black, 128 GB)",6,1,2 GB,13MP + 2MP , 5MP,4.2,"9,499"
626,"OnePlus 10R (Forest Green, 128 GB)",8,1,Not Applicable,50MP Rear Camera,NA,4.3,"30,790"
627,"Infinix Hot 12 Pro (Lightsaber Green, 64 GB)",6,6,6 GB,50 MP + Depth Lens , 8MP,4.2,"9,999"
628,"Infinix Hot 12 Pro (Electric Blue, 64 GB)",6,6,6 GB,50 MP + Depth Lens , 8MP,4.2,"9,999"
629,"Infinix Hot 12 Pro (Racing Black, 64 GB)",6,6,6 GB,50 MP + Depth Lens , 8MP,4.2,"9,999"
630,"realme Narzo 50 (Speed Black, 64 GB)",4,6,6 GB,50MP + 2MP + 2MP , 16M,4.4,"15,789"
631,"itel A25 New (Crystal Blue, 16 GB)",1,1,Not Applicable,5MP Rear Camera,NA,4.2,"4,289"
632,"Google Pixel 7 Pro (Snow, 128 GB)",12,1,Not Applicable,50MP + 48MP + 12MP ,10,4.4,"75,999"
633,"Google Pixel 7 Pro (Hazel, 128 GB)",12,1,Not Applicable,50MP + 48MP + 12MP ,10,4.4,"75,999"
634,"APPLE iPhone 14 Pro (Deep Purple, 128 GB)",12,0,Not Applicable,48MP + 12MP + 12MP , 12M,4.7,"1,19,999"
635,"vivo Y21E (Diamond Glow, 64 GB)",3,6,Not Applicable,13MP Rear Camera,NA,4.3,"11,234"
636,"Tecno Spark Go 2022 (Iris Purple, 32 GB)",2,3,Not Applicable,13MP Rear Camera,NA,4.2,"6,999"
637,"Coolpad Mega 5M (Black, 16 GB)",1,1,2 GB,5MP Rear Camera , 2MP,3.3,"3,599"
638,"REDMI 9 Prime (Sunrise Flare, 128 GB)",4,1,2 GB,13MP + 8MP + 5MP + 2MP , 8MP,4.4,"11,390"
639,"TCL L7 (Black, 32 GB)",2,3,Not Applicable,8MP Rear Camera,NA,3.5,"4,790"
640,"SAMSUNG Galaxy A03 (Black, 32 GB)",3,3,Not Applicable,48MP + 2MP , 5MP,4.1,"8,485"
641,"realme GT Master Edition (Luna White, 256 GB)",8,2,Not Applicable,64MP + 8MP + 2MP , 32M,4.3,"24,999"
642,"realme 9 5G (Meteor Black, 64 GB)",4,6,1 TB,48MP + 2MP + 2MP , 16M,4.5,"13,499"
643,"SAMSUNG GALAXY M13 5G (?Stardust Brown, 128 GB)",6,1,Not Applicable,50MP Rear Camera,NA,4.2,"14,869"
644,"OnePlus 11 5G (Eternal Green, 256 GB)",16,2,Not Applicable,50MP Rear Camera,NA,4.5,"60,999"
645,"Redmi 10 Prime (Astral White, 64 GB)",4,6,Not Applicable,8MP Rear Camera,NA,4.2,"11,390"
646,"MarQ by Flipkart M3 Smart (M3) (Blue,32GB)( 2GB RAM)",2,3,6 GB,13MP + Digital Camera , 5MP,3.8,"4,999"
647,"REDMI Note 10 Lite (Glacier White, 128 GB)",6,1,Not Applicable,48MP Rear Camera,NA,4.3,"14,680"
648,"Google Pixel 7 Pro (Snow, 128 GB)",12,1,Not Applicable,50MP + 48MP + 12MP ,10,4.4,"75,999"
649,"SAMSUNG Galaxy A04 (Copper, 128 GB)",4,1,1 TB,50MP + 2MP , 5MP,4,"12,999"
650,"APPLE iPhone 13 (Midnight, 256 GB)",25,0,Not Applicable,12MP + 12MP , 12M,4.7,"68,499"
651,"Infinix Note 11s (Haze Green, 64 GB)",6,6,2 GB,50 MP + 2 MP Depth Lens + 2 MP Macro Lens , 16M,4.3,"13,999"
652,"realme GT Master Edition (Luna White, 128 GB)",8,1,Not Applicable,64MP + 8MP + 2MP , 32M,4.3,"22,999"
653,"Nokia C01 Plus (Grey, 32 GB)",2,3,8 GB,5MP Rear Camera , 2MP,3.8,"7,999"
654,"realme GT Master Edition (Daybreak Blue, 256 GB)",8,2,Not Applicable,64MP + 8MP + 2MP , 32M,4.3,"24,999"
655,"Tecno Spark Go 2022 (Iris Purple, 32 GB)",2,3,Not Applicable,13MP Rear Camera,NA,4.2,"6,999"
656,"Infinix Hot 11 (Silver Wave, 64 GB)",4,6,6 GB,13MP + Depth Lens , 8MP,4.3,"9,999"
657,"MarQ by Flipkart M3 Smart (M3) (Blue,32GB)( 2GB RAM)",2,3,6 GB,13MP + Digital Camera , 5MP,3.8,"4,999"
658,"APPLE iPhone 14 Pro (Deep Purple, 128 GB)",12,0,Not Applicable,48MP + 12MP + 12MP , 12M,4.7,"1,19,999"
659,"vivo Y02 (Orchid Blue, 32 GB)",3,3,Not Applicable,8MP Rear Camera , 5MP,4.3,"12,999"
660,"Infinix Hot 11S (Green Wave, 64 GB)",4,6,6 GB,50MP + 2MP + AI Lens , 8MP,4.3,"10,999"
661,"vivo V23e 5G (Sunshine Gold, 128 GB)",8,1,1 TB,50MP + 8MP + 2MP , 44M,4.2,"23,499"
662,"Infinix Zero Ultra (Genesis Noir, 256 GB)",8,2,Not Applicable,200MP + 13MP + 2MP , 32M,4.1,"29,999"
663,"vivo Y02 (Cosmic Grey, 32 GB)",3,3,Not Applicable,8MP Rear Camera , 5MP,4.3,"12,999"
664,"Tecno Spark 8P (Turquoise Cyan, 64 GB)",4,6,2 GB,50MP + 2MP , 8MP,4.2,"9,990"
665,"Tecno Spark 9 (Infinity Black, 64 GB)",3,6,2 GB,13MP Rear Camera , 8MP,4,"9,999"
666,"SAMSUNG Galaxy A04e (Copper, 64 GB)",3,6,1 TB,13MP + 2MP , 5MP,4.3,"9,999"
667,"Tecno Phantom X (Summer Sunset, 256 GB)",8,2,Not Applicable,13MP Rear Camera,NA,5,"21,999"
668,"SAMSUNG GALAXY M13 5G (Aqua Green, 128 GB)",6,1,Not Applicable,50MP Rear Camera,NA,4.2,"14,853"
669,"MOTOROLA Edge 30 Ultra (Starlight White, 256 GB)",12,2,Not Applicable,200MP + 50MP + 12MP , 60M,4.3,"49,999"
670,"Infinix Hot 11 (Emerald Green, 64 GB)",4,6,6 GB,13MP + Depth Lens , 8MP,4.3,"9,999"
671,"OPPO F21S PRO (Dawnlight Gold, 128 GB)",8,1,1 TB,64MP + 2MP + 2MP , 32M,4.1,"19,479"
672,"SAMSUNG Galaxy A04s (Copper, 64 GB)",4,6,Not Applicable,50MP + 50MP + 2MP + 2MP , 5MP,4.1,"12,499"
673,"Mi 11 Lite (Vinyl Black, 128 GB)",6,1,2 GB,64MP + 8MP + 5MP , 16M,4.2,"21,999"
674,"SAMSUNG Galaxy S22 5G (Bora Purple, 128 GB)",8,1,Not Applicable,50MP Rear Camera,NA,4.3,"50,989"
675,"REDMI Note 10 Lite (Glacier White, 128 GB)",6,1,Not Applicable,48MP Rear Camera,NA,4.3,"14,680"
676,"Tecno Spark Go 2023 (Nebula Purple, 64 GB)",4,6,6 GB,13MP Rear Camera , 5MP,4.1,"8,535"
677,"Tecno Phantom X (Summer Sunset, 256 GB)",8,2,Not Applicable,13MP Rear Camera,NA,5,"21,999"
678,"Infinix Zero Ultra (Coslight Silver, 256 GB)",8,2,Not Applicable,200MP + 13MP + 2MP , 32M,4.1,"29,999"
679,"realme C21 (Cross Black, 64 GB)",4,6,6 GB,13MP + 2MP + 2MP , 5MP,4.4,"10,499"
680,"OPPO A17K (Gold, 64 GB)",3,6,1 TB,8MP Rear Camera , 5MP,4.5,"9,470"
681,"Tecno Camon 19 (Sea Salt White, 128 GB)",6,1,2 GB,64MP + 2MP , 16M,4.2,"14,499"
682,"Tecno Spark Go 2023 (Endless Black, 64 GB)",3,6,6 GB,13MP Rear Camera , 5MP,4.2,"7,990"
683,"MOTOROLA Edge 30 Fusion (Viva Magenta, 128 GB)",8,1,Not Applicable,50MP + 13MP + 2MP , 32M,4.3,"37,999"
684,"Tecno Spark Go 2023 (UYUNI BLUE, 64 GB)",3,6,Not Applicable,13MP Rear Camera,NA,4.2,"7,599"
685,"REDMI 9 Activ (Carbon Black, 64 GB)",4,6,2 GB,13MP + 2MP , 5MP,4.2,"8,799"
686,"realme C21 (Cross Blue, 64 GB)",4,6,6 GB,13MP + 2MP + 2MP , 5MP,4.4,"10,499"
687,"SAMSUNG Galaxy M32 Prime Edition (Light Blue, 64 GB)",4,6,Not Applicable,64MP Rear Camera,NA,4.2,"14,000"
688,"SAMSUNG Galaxy A52 (Awesome Blue, 128 GB)",8,1,1 TB,64MP + 12MP + 5MP + 5MP , 32M,4.3,"26,990"
689,"itel P40 (Dreamy Blue, 32 GB)",3,3,Not Applicable,13MP Rear Camera,NA,4,"6,999"
690,"itel P40 (Force Black, 64 GB)",4,6,Not Applicable,13MP Rear Camera,NA,4.3,"7,599"
691,"APPLE iPhone 13 (Starlight, 256 GB)",25,0,Not Applicable,12MP + 12MP , 12M,4.7,"68,499"
692,"REDMI 9 Prime (Matte Black, 64 GB)",4,6,2 GB,13MP + 8MP + 5MP + 2MP , 8MP,4.4,"10,499"
693,"SAMSUNG Galaxy A53 (Awesome Blue, 128 GB)",6,1,1 TB,64MP + 12MP + 5MP + 5MP , 32M,4,"31,999"
694,"LAVA YUVA 2 PRO (Glass Green, 64 GB)",4,6,Not Applicable,13MP Rear Camera,NA,4.3,"8,999"
695,"Infinix Hot 12 Pro (Racing Black, 128 GB)",8,1,6 GB,50 MP + Depth Lens , 8MP,4,"12,999"
696,"SAMSUNG Galaxy A04e (Light Blue, 64 GB)",3,6,1 TB,13MP + 2MP , 5MP,4.3,"9,999"
697,"vivo Y21T (Pearl White, 128 GB)",4,1,1 TB,50MP + 2MP + 2MP , 8MP,4.4,"15,790"
698,"APPLE iPhone 14 ((PRODUCT)RED, 256 GB)",25,0,Not Applicable,12MP + 12MP , 12M,4.6,"79,999"
699,"OnePlus 8 (Glacial Green, 128 GB)",6,1,Not Applicable,48MP + 16MP,NA,3.5,"29,759"
700,"REDMI Note 11S (Horizon Blue, 128 GB)",8,1,Not Applicable,108MP Rear Camera,NA,4.2,"16,937"
701,"OnePlus 10R 5G (Sierra Black, 256 GB)",12,2,Not Applicable,50MP Rear Camera,NA,4.2,"37,497"
702,"realme Narzo 50 Pro 5G (Hyper Blue, 128 GB)",8,1,Not Applicable,48MP Rear Camera,NA,4.1,"21,845"
703,"vivo Y15c (Mystic Blue, 64 GB)",3,6,1 TB,13MP + 2MP , 8MP,4.2,"11,799"
704,"Xiaomi 11i Hypercharge 5G (Stealth Black, 128 GB)",6,1,1 TB,108MP + 8MP + 2MP , 16M,4.2,"23,999"
705,"Mi 11 Lite (Vinyl Black, 128 GB)",6,1,2 GB,64MP + 8MP + 5MP , 16M,4.2,"21,999"
706,"Tecno Spark Go 2022 (Iris Purple, 32 GB)",2,3,Not Applicable,13MP Rear Camera,NA,4.2,"6,999"
707,"OnePlus Nord (Blue Marble, 128 GB)",8,1,Not Applicable,48MP + 8MP , 32M,4.8,"24,990"
708,"realme Narzo 50A Prime (Flash Blue, 64 GB)",4,6,2 GB,50MP Rear Camera , 8MP,4.1,"12,499"
709,"OPPO A16E (White, 64 GB)",4,6,1 TB,13MP Rear Camera , 5MP,4.2,"11,500"
710,"realme C21 (Cross Black, 64 GB)",4,6,6 GB,13MP + 2MP + 2MP , 5MP,4.4,"10,499"
711,"POCO X2 (Phoenix Red, 256 GB)",8,2,2 GB,64MP + 8MP + 2MP + 2MP , 20M,4.5,"20,999"
712,"LAVA Blaze Nxt (Glass Green, 64 GB)",4,6,6 GB,13MP Rear Camera , 8MP,4.2,"8,599"
713,"REDMI NOTE 10 LITE (Champagne Gold, 128 GB)",6,1,Not Applicable,48MP Rear Camera,NA,4.3,"15,450"
714,"Infinix Hot 12 Pro (Racing Black, 128 GB)",8,1,6 GB,50 MP + Depth Lens , 8MP,4,"12,999"
715,"SAMSUNG Galaxy S22 5G (Bora Purple, 128 GB)",8,1,Not Applicable,50MP Rear Camera,NA,4.3,"50,989"
716,"realme C30s (Stripe Blue, 64 GB)",4,6,1 TB,8MP Rear Camera , 5MP,4.2,"9,249"
717,"LAVA YUVA 2 PRO (Glass Green, 64 GB)",4,6,Not Applicable,13MP Rear Camera,NA,4.3,"8,999"
718,"Realme C30 - Locked with Airtel Prepaid (Bamboo Green, 32 GB)",2,3,1 TB,8MP Rear Camera , 5MP,4.2,"5,549"
719,"vivo Y73 (Diamond Flare, 128 GB)",8,1,Not Applicable,64MP + 2MP + 2MP , 16M,4.4,"19,050"
720,"Infinix Hot 12 Pro (Racing Black, 128 GB)",8,1,6 GB,50 MP + Depth Lens , 8MP,4,"12,999"
721,"Mi 11 Lite (Vinyl Black, 128 GB)",6,1,2 GB,64MP + 8MP + 5MP , 16M,4.2,"21,999"
722,"realme C30s (Stripe Blue, 64 GB)",4,6,1 TB,8MP Rear Camera , 5MP,4.2,"9,249"
723,"vivo Y73 (Diamond Flare, 128 GB)",8,1,Not Applicable,64MP + 2MP + 2MP , 16M,4.4,"19,050"
724,"realme C25_Y (Glacier Blue, 64 GB)",4,6,Not Applicable,50MP + 2MP + 2MP , 8MP,4.5,"10,999"
725,"POCO M4 Pro 5G (Cool Blue, 128 GB)",6,1,1 TB,50MP + 8MP , 16M,4.2,"16,999"
726,"I Kall Z19 Pro (Champagne, 64 GB)",4,6,8 GB,13MP Rear Camera,NA,3.4,"7,999"
727,"SAMSUNG Galaxy S20 FE (Cloud Navy, 128 GB)",8,1,1 TB,12MP + 12MP + 8MP Rear Camera , 32M,4,"50,010"
728,"Infinix Hot 11 2022 (Sunset Gold, 64 GB)",4,6,1 TB,13 MP + 2 MP Depth Lens , 8MP,4.2,"9,999"
729,"Infinix Hot 11 2022 (Aurora Green, 64 GB)",4,6,1 TB,13 MP + 2 MP Depth Lens , 8MP,4.2,"9,999"
730,"Infinix Hot 11 2022 (Polar Black, 64 GB)",4,6,1 TB,13 MP + 2 MP Depth Lens , 8MP,4.2,"9,999"
731,"SAMSUNG GALAXY M13 5G (Aqua Green, 128 GB)",6,1,Not Applicable,50MP Rear Camera,NA,4.2,"14,853"
732,"OnePlus Nord (Gray Onyx, 256 GB)",12,2,Not Applicable,48MP + 8MP , 32M,4.3,"26,990"
733,"OnePlus Nord (Gray Onyx, 64 GB)",6,6,Not Applicable,48MP + 8MP , 32M,4.5,"22,690"
734,"realme 8 5G (Supersonic Black, 128 GB)",8,1,1 TB,48MP + 2MP + 2MP , 16M,4.4,"18,499"
735,"realme 8 5G (Supersonic Blue, 128 GB)",4,1,1 TB,48MP + 2MP + 2MP , 16M,4.3,"16,499"
736,"LAVA YUVA 2 PRO (Glass Green, 64 GB)",4,6,Not Applicable,13MP Rear Camera,NA,4.3,"8,999"
737,"Realme C30 - Locked with Airtel Prepaid (Bamboo Green, 32 GB)",2,3,1 TB,8MP Rear Camera , 5MP,4.2,"5,549"
738,"REDMI Note 10S (Frost White, 64 GB)",6,6,2 GB,64MP + 8MP + 2MP + 2MP , 13M,4.4,"16,999"
739,"LAVA Z2 Max (Stroked Blue, 32 GB)",2,3,6 GB,13MP + 2MP , 8MP,4.1,"7,799"
740,"vivo V25 Pro 5G (sailing blue, 128 GB)",8,1,Not Applicable,64MP + 8MP + 2MP , 32M,4.3,"29,900"
741,"SAMSUNG Galaxy S23 5G (Phantom Black, 256 GB)",8,2,Not Applicable,50MP + 10MP + 12MP , 12M,4.6,"79,999"
742,"realme GT Master Edition (Voyager Grey, 256 GB)",8,2,Not Applicable,64MP + 8MP + 2MP , 32M,4.3,"24,999"
743,"REDMI Note 11S (Horizon Blue, 128 GB)",8,1,Not Applicable,108MP Rear Camera,NA,4.2,"16,937"
744,"REDMI 11 Prime 5G (Chrome Silver, 64 GB)",4,6,Not Applicable,5MP Rear Camera,NA,4.2,"13,199"
745,"APPLE iPhone 14 Pro (Space Black, 128 GB)",12,0,Not Applicable,48MP + 12MP + 12MP , 12M,4.7,"1,19,999"
746,"SAMSUNG Galaxy S22 Plus 5G (Green, 128 GB)",8,1,Not Applicable,50MP + 12MP + 10MP , 10M,4.5,"49,999"
747,"SAMSUNG Galaxy A53 (Awesome Blue, 128 GB)",6,1,1 TB,64MP + 12MP + 5MP + 5MP , 32M,4,"29,999"
748,"Nokia 5.4 (Polar Night, 64 GB)",4,6,2 GB,48MP + 5MP + 2MP + 2MP , 16M,3.9,"16,799"
749,"POCO M4 Pro 5G (Yellow, 128 GB)",6,1,1 TB,50MP + 8MP , 16M,4.2,"16,999"
750,"REDMI NOTE 10 LITE (Aurora Blue, 128 GB)",6,1,Not Applicable,48MP Rear Camera,NA,4.3,"15,490"
751,"SAMSUNG Galaxy M33 5G (Emerald Brown, 128 GB)",6,1,Not Applicable,50MP Rear Camera,NA,4.2,"16,999"
752,"REDMI NOTE 10 LITE (Aurora Blue, 128 GB)",4,1,Not Applicable,48MP Rear Camera,NA,4.3,"15,750"
753,"REDMI NOTE 10 LITE (Champagne Gold, 128 GB)",4,1,Not Applicable,48MP Rear Camera,NA,4.3,"14,890"
754,"REDMI Note 11 (Starburst White, 128 GB)",6,1,Not Applicable,50MP Rear Camera,NA,4.3,"16,299"
755,"OPPO A77 (Sunset Orange, 128 GB)",4,1,1 TB,50MP + 2MP , 8MP,4.2,"15,999"
756,"OPPO A77 (Sky Blue, 128 GB)",4,1,1 TB,50MP + 2MP , 8MP,4.2,"15,999"
757,"SAMSUNG Galaxy A23 5G (Light Blue, 128 GB)",8,1,1 TB,50MP + 5MP , 8MP,3.8,"23,999"
758,"REDMI Note 10T 5G (Mint Green, 128 GB)",6,1,Not Applicable,48MP Primary Camera + 2MP Macro Lens + 2MP Depth Sensor , 8MP,4.2,"16,999"
759,"SAMSUNG Galaxy S20 FE 5G (Cloud Mint, 128 GB)",8,1,Not Applicable,12MP Rear Camera,NA,4.2,"27,984"
760,"Tecno Camon 19 (Sea Salt White, 128 GB)",6,1,2 GB,64MP + 2MP , 16M,4.2,"14,499"
761,"LAVA Z2 (Flame Red, 32 GB)",3,3,2 GB,13MP + 2MP , 8MP,4.1,"7,999"
762,"OPPO Reno8 5G (Shimmer Black, 128 GB)",8,1,Not Applicable,50MP + 8MP + 2MP , 32M,4.3,"29,999"
763,"POCO X2 (Phoenix Red, 256 GB)",8,2,2 GB,64MP + 8MP + 2MP + 2MP , 20M,4.5,"20,999"
764,"vivo Y22 (Starlit Blue, 128 GB)",4,1,1 TB,50MP Rear Camera , 8MP,4.3,"14,990"
765,"OPPO A57 (Glowing Green, 64 GB)",4,6,1 TB,13MP + 2MP , 8MP,4.4,"13,999"
766,"SAMSUNG Galaxy S22 5G (Bora Purple, 128 GB)",8,1,Not Applicable,50MP Rear Camera,NA,4.3,"50,989"
767,"OnePlus 8T 5G (Aquamarine Green, 128 GB)",8,1,Not Applicable,48MP Rear Camera,NA,4.4,"31,989"
768,"OnePlus 7 (Mirror Blue, 128 GB)",6,1,Not Applicable,48 MP + 5 MP , 16M,4.6,"27,489"
769,"SAMSUNG Galaxy A03 Core (Green, 32 GB)",2,3,1 TB,8MP Rear Camera , 5MP,4.1,"7,462"
770,"vivo Y22 (Starlit Blue, 128 GB)",4,1,1 TB,50MP + 2MP , 8MP,4.3,"14,999"
771,"SAMSUNG Galaxy S23 5G (Cream, 256 GB)",8,2,Not Applicable,50MP + 10MP + 12MP , 12M,4.6,"79,999"
772,"Tecno Spark 8 (Turquoise Cyan, 64 GB)",2,6,6 GB,16MP Rear Camera , 8MP,4.1,"8,899"
773,"SAMSUNG Galaxy S23 5G (Phantom Black, 256 GB)",8,2,Not Applicable,50MP + 10MP + 12MP , 12M,4.6,"79,999"
774,"SAMSUNG Galaxy S23 Ultra 5G (Green, 256 GB)",12,2,Not Applicable,200MP + 10MP + 12MP + 10MP , 12M,4.4,"1,24,999"
775,"REDMI Note 10T 5G (Mint Green, 128 GB)",6,1,Not Applicable,48MP Primary Camera + 2MP Macro Lens + 2MP Depth Sensor , 8MP,4.2,"16,999"
776,"Xiaomi 12 Pro 5G (Couture Blue, 256 GB)",12,2,Not Applicable,50MP + 50MP + 50MP , 32M,4.1,"47,499"
777,"SAMSUNG Galaxy A04s (Black, 128 GB)",4,1,Not Applicable,50MP + 50MP + 2MP + 2MP , 5MP,4.1,"13,499"
778,"REDMI Note 11T 5G (Aquamarine Blue, 128 GB)",8,1,Not Applicable,50MP Rear Camera,NA,4.1,"18,999"
779,"SAMSUNG Galaxy A34 5G (Awesome Lime, 128 GB)",8,1,1 TB,48MP + 8MP + 5MP , 13M,4.2,"30,999"
780,"OnePlus 8T 5G (Lunar Silver, 128 GB)",8,1,Not Applicable,48MP Rear Camera,NA,4.4,"30,989"
781,"SAMSUNG Galaxy A04s (Copper, 64 GB)",4,6,Not Applicable,50MP + 50MP + 2MP + 2MP , 5MP,4.1,"12,499"
782,"OPPO A16E (Midnight Black, 32 GB)",3,3,1 TB,13MP Rear Camera , 5MP,4.3,"8,995"
783,"OPPO A16 (Pearl Blue, 64 GB)",4,6,Not Applicable,13MP Rear Camera , 8MP,4.3,"13,500"
784,"SAMSUNG Galaxy A52 (Awesome Blue, 128 GB)",6,1,1 TB,64MP + 12MP + 5MP + 5MP , 32M,4.3,"25,990"
785,"SAMSUNG Galaxy S20 FE (Cloud Navy, 128 GB)",8,1,Not Applicable,12MP Rear Camera,NA,4,"27,900"
786,"OPPO A16 (Crystal Black, 64 GB)",4,6,Not Applicable,13MP Rear Camera , 8MP,4.3,"13,500"
787,"SAMSUNG Galaxy A54 5G (Awesome Lime, 256 GB)",8,2,1 TB,50MP + 12MP + 5MP , 32M,4.3,"40,999"
788,"LAVA Z2 Max (Stroked Blue, 32 GB)",2,3,6 GB,13MP + 2MP , 8MP,4.1,"7,799"
789,"APPLE iPhone 14 Pro (Silver, 128 GB)",12,0,Not Applicable,48MP + 12MP + 12MP , 12M,4.7,"1,19,999"
790,"realme C25_Y (Metal Grey, 64 GB)",4,6,Not Applicable,50MP + 2MP + 2MP , 8MP,4.5,"10,999"
791,"OnePlus 10R (Sierra Black, 128 GB)",8,1,Not Applicable,50MP Rear Camera,NA,4.3,"30,790"
792,"vivo V25 Pro 5G (sailing blue, 128 GB)",8,1,Not Applicable,64MP + 8MP + 2MP , 32M,4.3,"29,900"
793,"realme 8 5G (Supersonic Blue, 128 GB)",4,1,1 TB,48MP + 2MP + 2MP , 16M,4.3,"16,499"
794,"SAMSUNG Galaxy S23 5G (Phantom Black, 256 GB)",8,2,Not Applicable,50MP + 10MP + 12MP , 12M,4.6,"79,999"
795,"LAVA Z2 Max (Stroked Blue, 32 GB)",2,3,6 GB,13MP + 2MP , 8MP,4.1,"7,799"
796,"vivo Y100A (Pacific Blue, 256 GB)",8,2,Not Applicable,64MP + 2MP + 2MP , 16M,4.4,"26,499"
797,"REDMI NOTE 10 LITE (Aurora Blue, 128 GB)",6,1,Not Applicable,48MP Rear Camera,NA,4.3,"15,490"
798,"OPPO A57 (Glowing Black, 64 GB)",4,6,1 TB,13MP + 2MP , 8MP,4.4,"13,999"
799,"APPLE iPhone 12 (Green, 64 GB)",64,0,Not Applicable,12MP + 12MP , 12M,4.6,"53,999"
800,"REDMI Note 10S (Shadow Black, 64 GB)",6,6,2 GB,64MP + 8MP + 2MP + 2MP , 13M,4.4,"14,999"
801,"REDMI NOTE 10 LITE (Champagne Gold, 128 GB)",4,1,Not Applicable,48MP Rear Camera,NA,4.3,"14,890"
802,"REDMI NOTE 10 LITE (Aurora Blue, 128 GB)",4,1,Not Applicable,48MP Rear Camera,NA,4.3,"15,750"
803,"SAMSUNG Galaxy M53 5G (Deep Ocean Blue, 128 GB)",8,1,Not Applicable,108MP Rear Camera,NA,4,"32,490"
804,"SAMSUNG Galaxy A73 5G (Awesome Gray, 128 GB)",8,1,1 TB,108MP + 12MP + 5MP + 5MP , 32M,4.2,"41,999"
805,"OnePlus 10R (Sierra Black, 128 GB)",8,1,Not Applicable,50MP Rear Camera,NA,4.3,"30,790"
806,"IQOO Neo 7 (Frost Blue, 256 GB)",12,2,Not Applicable,64MP + 2MP + 2MP , 16M,4.3,"33,990"
807,"SAMSUNG Galaxy F42 5G (Matte Aqua, 128 GB)",8,1,1 TB,64MP + 5MP + 2MP , 8MP,4.1,"22,999"
808,"Infinix Hot 11S (Polar Black, 128 GB)",4,1,6 GB,50 MP + 2 MP + AI Lens , 8MP,4.3,"11,999"
809,"Infinix Hot 11S (Green Wave, 128 GB)",4,1,6 GB,50 MP + 2 MP + AI Lens , 8MP,4.3,"11,999"
810,"Redmi Note 6 Pro (Black, 64 GB)",4,6,6 GB,12MP + 5MP , 20M,4.5,"15,999"
811,"REDMI 9 Prime (Mint Green, 128 GB)",4,1,2 GB,13MP + 8MP + 5MP + 2MP , 8MP,4.4,"11,490"
812,"Xiaomi 12 Pro 5G (Couture Blue, 256 GB)",12,2,Not Applicable,50MP + 50MP + 50MP , 32M,4.1,"47,499"
813,"Tecno Spark Go 2023 (Nebula Purple, 32 GB)",3,3,6 GB,13MP Rear Camera , 5MP,4.2,"7,390"
814,"REDMI Note 11T 5G (Aquamarine Blue, 128 GB)",8,1,Not Applicable,50MP Rear Camera,NA,4.1,"18,999"
815,"Nokia G11 Plus (Grey, 64 GB)",4,6,Not Applicable,50MP + 2MP , 8MP,3.6,"11,449"
816,"REDMI Note 11T 5G (Aquamarine Blue, 128 GB)",8,1,Not Applicable,50MP Rear Camera,NA,4.1,"18,999"
817,"Nokia G11 Plus (Grey, 64 GB)",4,6,Not Applicable,50MP + 2MP , 8MP,3.6,"11,449"
818,"Nokia G21 (Nordic Blue, 128 GB)",6,1,Not Applicable,50MP + 2MP + 2MP , 8MP,4,"16,999"
819,"Nokia G21 (Dusk, 128 GB)",6,1,Not Applicable,50MP + 2MP + 2MP , 8MP,4,"16,999"
820,"vivo V27 Pro 5G (Noble Black, 256 GB)",8,2,Not Applicable,50MP (OIS) + 8MP + 2MP , 50M,4.4,"39,999"
821,"OPPO A16E (Midnight Black, 32 GB)",3,3,1 TB,13MP Rear Camera , 5MP,4.3,"8,995"
822,"itel P40 (Luxurious Gold, 32 GB)",3,3,Not Applicable,13MP Rear Camera,NA,4,"6,990"
823,"Nokia C12 pro (Light mint, 64 GB)",2,6,Not Applicable,8MP Rear Camera,NA,4.5,"6,999"
824,"itel P40 (Dreamy Blue, 32 GB)",3,3,Not Applicable,13MP Rear Camera,NA,4,"6,999"
825,"APPLE iPhone 12 (Blue, 64 GB)",64,0,Not Applicable,12MP + 12MP , 12M,4.6,"53,999"
826,"APPLE iPhone 14 Pro (Space Black, 128 GB)",12,0,Not Applicable,48MP + 12MP + 12MP , 12M,4.7,"1,19,999"
827,"Tecno Spark 10 5G (Meta Black, 128 GB)",8,1,Not Applicable,50MP Rear Camera,NA,4.1,"15,799"
828,"SAMSUNG Galaxy S23 5G (Cream, 256 GB)",8,2,Not Applicable,50MP + 10MP + 12MP , 12M,4.6,"79,999"
829,"SAMSUNG Galaxy A54 5G (Awesome Violet, 256 GB)",8,2,1 TB,50MP + 12MP + 5MP , 32M,4.3,"40,999"
830,"Redmi Note 6 Pro (Red, 64 GB)",4,6,6 GB,12MP + 5MP , 20M,4.5,"15,999"
831,"Redmi Note 6 Pro (Red, 64 GB)",6,6,6 GB,12MP + 5MP , 20M,4.5,"17,999"
832,"Nokia 5.4 (Polar Night, 64 GB)",4,6,2 GB,48MP + 5MP + 2MP + 2MP , 16M,3.9,"16,799"
833,"OPPO A16 (Crystal Black, 64 GB)",4,6,Not Applicable,13MP Rear Camera , 8MP,4.3,"12,990"
834,"vivo Y21G (Diamond Glow, 64 GB)",4,6,1 TB,13MP + 2MP , 8MP,4.3,"13,990"
835,"vivo T1X (Space Blue, 128 GB)",4,1,Not Applicable,50MP + 2MP , 8MP,4.5,"16,999"
836,"realme C21 (Cross Black, 32 GB)",3,3,6 GB,13MP + 2MP + 2MP , 5MP,4.4,"9,499"
837,"SAMSUNG Galaxy S20 FE (Cloud Navy, 128 GB)",8,1,Not Applicable,12MP Rear Camera,NA,4,"27,900"
838,"REDMI Note 10S (Frost White, 64 GB)",6,6,2 GB,64MP + 8MP + 2MP + 2MP , 13M,4.4,"16,999"
839,"LAVA Z2 (Flame Red, 32 GB)",3,3,2 GB,13MP + 2MP , 8MP,4.1,"7,999"
840,"APPLE iPhone 14 Pro Max (Gold, 128 GB)",12,0,Not Applicable,48MP + 12MP + 12MP , 12M,4.6,"1,27,999"
841,"APPLE iPhone 14 Pro (Deep Purple, 256 GB)",25,0,Not Applicable,48MP + 12MP + 12MP , 12M,4.7,"1,29,999"
842,"Infinix Note 12 TURBO (Jewel Blue, 128 GB)",8,1,2 GB,50 MP + 2 MP Depth Lens + AI lens , 16M,4.2,"14,999"
843,"Xiaomi 11i 5G (Purple Mist, 128 GB)",8,1,1 TB,108MP Rear Camera , 16M,4.2,"26,999"
844,"realme C25_Y (Metal Grey, 64 GB)",4,6,Not Applicable,50MP + 2MP + 2MP , 8MP,4.5,"10,999"
845,"vivo V21 5G (Dusk Blue, 128 GB)",8,1,Not Applicable,64MP + 8MP + 2MP , 44M,4.3,"27,990"
846,"realme 6 Pro (Lightning Orange, 64 GB)",6,6,6 GB,64MP + 12MP + 8MP + 2MP , 16M,4.4,"17,999"
847,"SAMSUNG Galaxy S23 Plus 5G (Phantom Black, 256 GB)",8,2,Not Applicable,50MP + 10MP + 12MP , 12M,4.5,"94,999"
848,"LAVA Z50 (Black, 8 GB)",1,8,4 GB,5MP Rear Camera , 5MP,3.7,"5,999"
849,"OPPO A16E (White, 32 GB)",3,3,1 TB,13MP Rear Camera , 5MP,4.3,"9,990"
850,"SAMSUNG Galaxy A54 5G (Awesome Lime, 128 GB)",8,1,1 TB,50MP + 12MP + 5MP , 32M,4.3,"38,999"
851,"SAMSUNG Galaxy S20 FE 5G (Cloud Navy, 128 GB)",8,1,Not Applicable,12MP Rear Camera,NA,4.2,"27,940"
852,"APPLE iPhone 14 Pro (Silver, 128 GB)",12,0,Not Applicable,48MP + 12MP + 12MP , 12M,4.7,"1,19,999"
853,"Redmi Note 11S (Space Black, 128 GB)",8,1,Not Applicable,108MP Rear Camera,NA,4.2,"19,990"
854,"OPPO A57 (glowing green, 64 GB)",4,6,Not Applicable,13MP Rear Camera,NA,4.4,"13,998"
855,"vivo V27 Pro 5G (Noble Black, 128 GB)",8,1,Not Applicable,50MP (OIS) + 8MP + 2MP , 50M,4.4,"37,999"
856,"vivo V27 Pro 5G (Magic Blue, 128 GB)",8,1,Not Applicable,50MP (OIS) + 8MP + 2MP , 50M,4.4,"37,999"
857,"vivo V27 Pro 5G (Magic Blue, 256 GB)",8,2,Not Applicable,50MP (OIS) + 8MP + 2MP , 50M,4.4,"39,999"
858,"vivo Y15c (Mystic Blue, 32 GB)",3,3,1 TB,13MP + 2MP , 8MP,4.2,"10,500"
859,"SAMSUNG Galaxy A34 5G (Awesome Violet, 256 GB)",8,2,1 TB,48MP + 8MP + 5MP , 13M,4.2,"32,999"
860,"Tecno Spark 8 (Turquoise Cyan, 64 GB)",2,6,6 GB,16MP Rear Camera , 8MP,4.1,"8,899"
861,"SAMSUNG Galaxy A13 (Black, 128 GB)",6,1,1 TB,50MP + 5MP + 2MP + 2MP , 8MP,4.2,"16,499"
862,"OnePlus 10R 5G (Prime Blue, 128 GB)",8,1,Not Applicable,50MP Rear Camera,NA,4.3,"32,990"
863,"Tecno Phantom X2 Pro (Mars Orange, 256 GB)",12,2,Not Applicable,50MP + 50MP + 13MP , 32M,3,"44,999"
864,"Tecno Phantom X2 Pro (Stardust Grey, 256 GB)",12,2,Not Applicable,50MP + 50MP + 13MP , 32M,3,"44,999"
865,"Mi 10T (Cosmic Black, 128 GB)",8,1,Not Applicable,64MP + 13MP + 5MP , 20M,4.1,"37,999"
866,"vivo X90 Pro (Legendary Black, 256 GB)",12,2,Not Applicable,50MP + 50MP + 12MP , 32M,4.4,"84,999"
867,"OnePlus 7 (Mirror Blue, 128 GB)",6,1,Not Applicable,48 MP + 5 MP , 16M,4.6,"27,489"
868,"REDMI Note 10T 5G (Mint Green, 128 GB)",6,1,Not Applicable,48MP Primary Camera + 2MP Macro Lens + 2MP Depth Sensor , 8MP,4.2,"16,999"
869,"itel Vision2S (Deep Blue, 32 GB)",2,3,8 GB,8MP + VGA Dual AI Camera , 5MP,4,"6,165"
870,"Tecno Spark 8P (Iris Purple, 64 GB)",4,6,2 MB,50MP + 2MP , 8MP,4.2,"8,999"
871,"Moto G71 5G (Neptune Green, 128 GB)",6,1,Not Applicable,50MP + 8MP + 2MP , 16M,4.2,"18,890"
872,"Xiaomi 12 Pro 5G (Noir Black, 256 GB)",12,2,Not Applicable,50MP + 50MP + 50MP , 32M,4.1,"46,990"
873,"LAVA Blaze (Glass Green, 64 GB)",3,6,6 GB,13MP Triple AI Camera + 8MP front camera , 8MP,4,"8,699"
874,"OnePlus 8 Pro (Onyx Black, 128 GB)",8,1,Not Applicable,48MP + 8MP + 5MP , 16M,4.6,"48,499"
875,"Infinix Note 11 (Glacier Green, 64 GB)",4,6,2 GB,50 MP + 2 MP + AI Lens , 16M,4.3,"12,499"
876,"Infinix Note 11 (Celestial Snow, 128 GB)",6,1,2 GB,50 MP + 2 MP Depth Lens + AI Lens , 16M,4.2,"16,999"
877,"OnePlus 10 Pro 5G (Emerald Forest, 128 GB)",8,1,Not Applicable,48MP Rear Camera,NA,4.2,"48,880"
878,"POCO C3 (Lime Green, 64 GB)",4,6,2 GB,13MP + 2MP + 2MP , 5MP,4.3,"10,999"
879,"SAMSUNG Galaxy A03 Core (Green, 32 GB)",2,3,1 TB,8MP Rear Camera , 5MP,4.1,"7,462"
880,"Infinix Note 11 (Graphite Black, 64 GB)",4,6,2 GB,50 MP + 2 MP + AI Lens , 16M,4.3,"12,499"
881,"Infinix Note 11 (Celestial Snow, 64 GB)",4,6,2 GB,50 MP + 2 MP + AI Lens , 16M,4.3,"12,499"
882,"Infinix Note 11 (Glacier Green, 128 GB)",6,1,2 GB,50 MP + 2 MP Depth Lens + AI Lens , 16M,4.2,"16,999"
883,"REDMI Note 11T 5G (Stardust White, 128 GB)",6,1,Not Applicable,50MP Rear Camera,NA,4.2,"18,500"
884,"SAMSUNG Galaxy A54 5G (Awesome Lime, 256 GB)",8,2,1 TB,50MP + 12MP + 5MP , 32M,4.3,"40,999"
885,"YU Yunique 2 Plus (Coal Black, 16 GB)",3,1,4 GB,13MP Rear Camera , 5MP,3.7,"7,999"
886,"POCO F3 GT 5G (Predator Black, 128 GB)",8,1,Not Applicable,64MP + 8MP + 2MP , 16M,4.3,"34,999"
887,"Mi 11X Pro 5G (Celestial Silver, 128 GB)",8,1,Not Applicable,108MP + 8MP + 5MP , 20M,4,"29,999"
888,"SAMSUNG Galaxy M21 2021 Edition (Arctic Blue, 64 GB)",4,6,Not Applicable,48MP Rear Camera,NA,4.2,"10,999"
889,"SAMSUNG Galaxy S23 Plus 5G (Phantom Black, 256 GB)",8,2,Not Applicable,50MP + 10MP + 12MP , 12M,4.5,"94,999"
890,"Redmi Note 11S (Space Black, 128 GB)",8,1,Not Applicable,108MP Rear Camera,NA,4.2,"19,990"
891,"itel Vision3 Turbo (Jewel Blue, 64 GB)",3,6,Not Applicable,8MP Rear Camera,NA,4.1,"7,649"
892,"SAMSUNG Galaxy A04s (Black, 64 GB)",4,6,Not Applicable,50MP + 50MP + 2MP + 2MP , 5MP,4.1,"12,499"
893,"Redmi 9A (SeaBlue, 32 GB)",2,3,Not Applicable,13MP Rear Camera,NA,4.3,"7,999"
894,"vivo V27 Pro 5G (Magic Blue, 256 GB)",8,2,Not Applicable,50MP (OIS) + 8MP + 2MP , 50M,4.4,"39,999"
895,"vivo V27 Pro 5G (Magic Blue, 128 GB)",8,1,Not Applicable,50MP (OIS) + 8MP + 2MP , 50M,4.4,"37,999"
896,"vivo V27 Pro 5G (Noble Black, 128 GB)",8,1,Not Applicable,50MP (OIS) + 8MP + 2MP , 50M,4.4,"37,999"
897,"SAMSUNG Galaxy S23 Plus 5G (Phantom Black, 512 GB)",8,5,Not Applicable,50MP + 10MP + 12MP , 12M,4.5,"1,04,999"
898,"OnePlus 9 5G (Arctic Sky, 128 GB)",8,1,Not Applicable,48MP Rear Camera,NA,3.9,"35,999"
899,"LAVA Z2 (Flame Red, 32 GB)",2,3,2 GB,13MP + 2MP , 8MP,4.2,"8,499"
900,"Moto G71 5G (Arctic Blue, 128 GB)",6,1,Not Applicable,50MP + 8MP + 2MP , 16M,4.2,"18,890"
901,"vivo Y15c (Wave Green, 64 GB)",3,6,1 TB,13MP + 2MP , 8MP,4.2,"11,490"
902,"APPLE iPhone 14 Pro (Deep Purple, 256 GB)",25,0,Not Applicable,48MP + 12MP + 12MP , 12M,4.7,"1,29,999"
903,"OnePlus Nord 2T 5G (Jade Fog, 256 GB)",12,2,Not Applicable,50MP Rear Camera,NA,4.3,"33,990"
904,"vivo Y15c (Wave Green, 32 GB)",3,3,1 TB,13MP + 2MP , 8MP,4.2,"11,490"
905,"OPPO F21s Pro (Starlight Black, 128 GB)",8,1,1 TB,64MP + 2MP + 2MP , 32M,4.1,"20,500"
906,"vivo Y100 5G (Metal Black, 128 GB)",8,1,Not Applicable,64MP (OIS) + 2MP + 2MP , 16M,4.3,"23,999"
907,"SAMSUNG Galaxy A23 5G (Silver, 128 GB)",8,1,1 TB,50MP + 5MP , 8MP,3.8,"23,999"
908,"APPLE iPhone 14 Pro Max (Space Black, 128 GB)",12,0,Not Applicable,48MP + 12MP + 12MP , 12M,4.6,"1,27,999"
909,"Tecno Spark 8C (Turquoise Cyan, 64 GB)",3,6,6 GB,13MP Rear Camera , 8MP,4.2,"9,500"
910,"REDMI Note 11 (Starburst White, 64 GB)",6,6,Not Applicable,50MP Rear Camera,NA,4.3,"18,999"
911,"Redmi 9A (Nature Green, 32 GB)",3,3,2 GB,13MP Rear Camera , 5MP,4.3,"9,399"
912,"Micromax IN 2B (Black, 64 GB)",4,6,6 GB,13MP + 2MP , 5MP,3.9,"6,999"
913,"Micromax IN 2B (Blue, 64 GB)",4,6,6 GB,13MP + 2MP , 5MP,3.9,"6,999"
914,"Tecno Spark Power 2 Air (Cosmic Shine, 32 GB)",3,3,6 GB,13MP + 2MP + 2MP + AI Lens Quad AI Camera , 8MP,4.3,"9,999"
915,"OnePlus 10 Pro 5G (Emerald Forest, 128 GB)",8,1,Not Applicable,48MP Rear Camera,NA,4.2,"48,880"
916,"XOLO ERA 1X -4G with VoLTE (Gold, Chocolate Brown, 8 GB)",1,8,2 GB,8MP Rear Camera , 5MP,3.7,"5,149"
917,"Xiaomi 12 Pro 5G (Opera Mauve, 256 GB)",12,2,Not Applicable,50MP + 50MP + 50MP , 32M,4.1,"47,900"
918,"POCO C3 (Matte Black, 64 GB)",4,6,2 GB,13MP + 2MP + 2MP , 5MP,4.3,"10,999"
919,"XOLO ERA 1X -4G with VoLTE (Black and Gun Metal, 8 GB)",1,8,2 GB,8MP Rear Camera , 5MP,3.7,"5,149"
920,"APPLE iPhone 12 (White, 64 GB)",64,0,Not Applicable,12MP + 12MP , 12M,4.6,"53,999"
921,"OnePlus 7T (Frosted Silver, 128 GB)",8,1,Not Applicable,48 MP + 12 MP + 16 MP , 16M,4.6,"29,689"
922,"Tecno Spark 10 Pro (Starry Black, 8 GB)",8,8,Not Applicable,50MP Rear Camera,NA,4,"13,485"
923,"OnePlus 9R 5G (Lake Blue, 128 GB)",8,1,Not Applicable,48MP Rear Camera,NA,3.8,"29,999"
924,"realme GT 5G (Dashing Silver, 128 GB)",8,1,Not Applicable,64MP + 8MP + 2MP , 16M,4.3,"27,999"
925,"vivo Y33T (Mirror Black, 128 GB)",8,1,1 TB,50MP + 2MP + 2MP , 16M,4.4,"20,000"
926,"realme C11 2021 (Cool Grey, 64 GB)",4,6,6 GB,8MP Rear Camera , 5MP,4.3,"9,999"
927,"OnePlus 8 Pro (Onyx Black, 128 GB)",8,1,Not Applicable,48MP + 8MP + 5MP , 16M,4.6,"48,499"
928,"Infinix Zero 5G (Skylight Orange, 128 GB)",8,1,6 GB,48 MP + 13 MP Portrait Lens + 2 MP Bokeh Lens , 16M,4.2,"19,999"
929,"Infinix Note 5 (Milan Black, 32 GB)",3,3,8 GB,12MP Rear Camera , 16M,4.2,"10,999"
930,"MOTOROLA g22 (Iceberg Blue, 64 GB)",4,6,1 TB,50MP + 8MP + 2MP + 2MP , 16M,3.8,"11,099"
931,"Infinix Smart HD 2021 (Quartz Green, 32 GB)",2,3,6 GB,8MP Rear Camera , 5MP,4.3,"7,499"
932,"Tecno Spark 10 5G (Meta White, 128 GB)",8,1,Not Applicable,50MP Rear Camera,NA,4.1,"15,999"
933,"LAVA Blaze (Glass Green, 64 GB)",3,6,6 GB,13MP Triple AI Camera + 8MP front camera , 8MP,4,"8,699"
934,"Tecno Phantom X2 5G (Stardust Grey, 256 GB)",8,2,Not Applicable,64MP Rear Camera,NA,3.8,"36,999"
935,"IQOO 9T 5G (LEGEND, 128 GB)",8,1,Not Applicable,50MP Rear Camera,NA,4.2,"49,499"
936,"REDMI 10A (CHARCOAL BLACK, 128 GB)",6,1,Not Applicable,13MP Rear Camera,NA,4.1,"11,999"
937,"vivo Y15c (Wave Green, 64 GB)",3,6,1 TB,13MP + 2MP , 8MP,4.2,"11,490"
938,"POCO C3 (Matte Black, 64 GB)",4,6,2 GB,13MP + 2MP + 2MP , 5MP,4.3,"10,999"
939,"Infinix Zero 5G (Skylight Orange, 128 GB)",8,1,6 GB,48 MP + 13 MP Portrait Lens + 2 MP Bokeh Lens , 16M,4.2,"19,999"
940,"XOLO ERA 1X -4G with VoLTE (Gold, Chocolate Brown, 8 GB)",1,8,2 GB,8MP Rear Camera , 5MP,3.7,"5,149"
941,"SAMSUNG Galaxy A53 (Awesome Black, 128 GB)",8,1,1 TB,64MP + 12MP + 5MP + 5MP , 32M,4.1,"33,499"
942,"vivo Y15c (Wave Green, 32 GB)",3,3,1 TB,13MP + 2MP , 8MP,4.2,"11,490"
943,"Infinix Hot 9 Pro (Violet, 64 GB)",4,6,6 GB,48 MP + 2 MP + 2 MP + Low Light Sensor , 8MP,4.4,"10,999"
944,"XOLO ERA 1X -4G with VoLTE (Black and Gun Metal, 8 GB)",1,8,2 GB,8MP Rear Camera , 5MP,3.7,"5,149"
945,"Mi 11X Pro 5G (Lunar White, 128 GB)",8,1,Not Applicable,108MP + 8MP + 5MP , 20M,4,"28,749"
946,"REDMI Note 10S (Deep Sea Blue, 64 GB)",6,6,2 GB,64MP + 8MP + 2MP + 2MP , 13M,4.4,"15,298"
947,"SAMSUNG Galaxy A23 5G (Silver, 128 GB)",8,1,1 TB,50MP + 5MP , 8MP,3.8,"23,999"
948,"Xiaomi 12 Pro 5G (Opera Mauve, 256 GB)",12,2,Not Applicable,50MP + 50MP + 50MP , 32M,4.1,"47,900"
949,"Tecno Pova 3 (Electric Blue, 64 GB)",4,6,2 GB,50MP + 2MP + 2MP , 8MP,4.2,"10,890"
950,"Tecno Spark 10 Pro (Starry Black, 8 GB)",8,8,Not Applicable,50MP Rear Camera,NA,4,"13,485"
951,"Mi 11X (Cosmic Black, 128 GB)",8,1,Not Applicable,48MP + 8MP + 5MP , 20M,4.2,"28,900"
952,"Micromax IN 2B (Black, 64 GB)",4,6,6 GB,13MP + 2MP , 5MP,3.9,"6,999"
953,"Micromax IN 2B (Blue, 64 GB)",4,6,6 GB,13MP + 2MP , 5MP,3.9,"6,999"
954,"SAMSUNG Galaxy A04 (Copper, 64 GB)",4,6,1 TB,50MP + 2MP , 5MP,4,"11,999"
955,"APPLE iPhone 12 (White, 64 GB)",64,0,Not Applicable,12MP + 12MP , 12M,4.6,"53,999"
956,"APPLE iPhone 14 (Yellow, 128 GB)",12,0,Not Applicable,12MP + 12MP , 12M,4.6,"69,999"
957,"vivo T1 5G (Rainbow Fantasy, 128 GB)",8,1,1 TB,50MP + 2MP + 2MP , 16M,4.3,"19,990"
958,"I Kall Z13 (Grey, 64 GB)",4,6,4 GB,13MP Rear Camera , 8MP,3.4,"6,799"
959,"Infinix Smart HD 2021 (Quartz Green, 32 GB)",2,3,6 GB,8MP Rear Camera , 5MP,4.3,"7,499"
